ieur, rmc, , , , , , , , , , , , , , , , , , , , , , , , , , , , , , , , , , , , , , , , , , , , , , , , , , , , , , , , 1, 7, , , , , , , , , , , , , , , , , , , , , , , , , , , , , , , , , , , , , , , , , , , , , , , , , , , , , , , , , , , , , , , , , , , , , , , , , , , , , , , , , , , , , , , , , , , , , , , , , , , 2, , , , , , , , , , , , , , , , , , , , , , , , , , , , , , , , , , , , 
ieur, rsc, 3, 2, 4, 4, 2, 1, 1, 2, , , , 1, 3, 1, , , , , 1, 1, , , , , , , , , , , , , , , , , , , , , , , , , , , , , , , , , , , , , , , , , , , , , , , , , , , , , , , , , , , , , , , , , , , , , , , , , , , , , , , , , , , , , , , , , , , , , , , , , , , , , , , , , , , , , , , , , , , , , , , , , , , , , , , , , , , , , , , , , , , , , , , , , , , , , , , , , , , , , , , , , , , , , , , , , , , , 
ieur, rsm, , , , , , , , , , , , , , , 1, 3, 7, , , , , , , , , , , , , , , , , , , , , , , , , , , , , , , , , , , , , , , , , , , , , , , , , , , , , , , , , , , , , , , , , , , , , , , , , , , , , , , , , , , , , , , , , , , , , , , , , , , , , , , , , , , , , , , , , , , , , , , , , , , , , , , , , , , , , , , , , , , , , , , , , , , , , , , , , , , , , , , , , , , , , , , , , , , , , , , 
ieur, rsu, , , , , , , , , , , , , , , , , , , , , , , , , , , , , , , , , , , , , , , , , , , , , , , , , , , , , , , , , , , , , , , , , , , , , , , , , , , 1, 1, , , , , , , , , , , 2, , 1, 2, , , 2, 2, 1, 1, 1, , 1, , , , , , , , 1, , 4, 4, , , , , , , , , , , , , , , , , 2, , , , , , , , , , , , , , , , , , , , , , , , , , , , , , , , , , 2, , , , 4, 1, 4, 21, , , 12, , , , 4, 8, , , , , , , , , , , , , , , , 
penu, mwp, , , , , , , , , , , , , , , , , , , , , , , , , , , , , , , , , , , , , , , , , , , , , , , , , , , , , , , , , , , , , , , , , , , , , , , , , , , , , , , , , , , , , , , , , , , , , , , , , , , , , , , , , , , , , , , , , , , , , , , , , , , , , , , , , , , , , , , , , , , , , , , , 2, 1, 1, , , , , , , , , , , , , , , , , , , , , , , , , , , , , , , , , , , , , , , , , , , , , , 
afpc, pri, , , , , , , , , , , , , , , , , , , , , , , , , , , , , , , , , , , , , , , , , , , , , , , , , , , , , , , , , 3, , , , , , , , , , , , , , , , , , , , , , , , , , , , , , , , , , , , , , , , , , , , , , , , , , , , , , , , , , , , , , , , , , , , , , , , , , , , , , , , , , , , , , , , , , , , , , , , , , , , , , , , , , , , , , , , , , , , , , , , , , , , , , , , , , , , , , , 
trng, mni, , , , , , , , , , , , , , , , , , , , , , , , , , , , , , , , , , , , , , , , , , , , , , , , , , , , , , , , , , , , , , , , , , , , , , , , , , 2, , , , , , , , , , , , , 1, , 1, 1, , , 1, , , 2, , , , , , , , , 6, , , , , , , , , , , , , , , , , , , , , , 2, , , , 2, , , , , , , , , , , , , , , , , , , , , , , , , , , , , , 1, , , , 1, 4, 4, 21, , , , , , , , , , , 14, , , , , , , 11, , , , , , 
urlc, ene, , , , , , , , , 1, , , , , , , , , , , , , , , , , , , , 2, , , , , , , 2, , , , , , , , , , , , , , 1, , , , , 1, , , , , , 2, , , , , , , , , , , , , 2, , , , , , , , , , , , , 1, , 1, 1, 3, 1, , 1, , , , , , , , , , , 6, , , 1, , 1, , , , 2, , , , , , , , , , , , , 3, , , , 2, , , , , , , , , , , , , , , , , , , , , , , , , , , , , , 1, , , , 1, 4, 4, 21, , , , , , , , , , , 14, , , , , , , 11, , , , , , 
utaz, nhh, , , , , , , , , , , , , , , , , , , , , , , , , , , , , 4, , , , , , , 2, , , , , , , , , , , , , 2, , , , , , , , , , , , 1, , , , , , , , , , , , , 2, , , , , , , , 1, 1, , , , 3, , 2, 2, , 2, 2, 2, 1, 1, 1, , 1, , , , , 1, , 1, 1, 4, 4, 4, , , , 2, , , , , , , , , , , , , 2, , , , , , , , , , , , , , , , , , , , , , , , , , , , , , , , , , 1, , , , 1, 4, 4, 9, 3, , , , , , , , , , , , , , , , , , 1, , 1, 6, 4, 
chib, cma, , , , , , , , , , , , , , , , , , , , , , , , , , , , , , , , , , , , , , , , , , , , , , , , , , , , , , , , , , , , , , , , , , , , , , , , , , , , , , , , , , , , , , , , , , , , , , , , , , , , , , , , , , , , , , , , , , , , , , , , , , , , , , , , , , , , , , , , , , , , , , , , 2, 2, , , , , , , , , , , , , , , , , , , , , , , , , , , , , , , , , , , , , , , , , , , , , , , 
maya, tzs, , , , , , , , , , , , , , , , , , , , , , , , , , , , , , , , , , , , , , , , , , , , , , , , , , , , , , , , , , , , , , , , , , , , , , , , , , , , , , , , , , , , , , , , , , , , , , , , , , , , , , , , , , , , , , , , , , , , , , , , , , , , , , , , , , , , , , , , , , , , , , , , 1, 2, , , , , , , , , , , , , , , , , , , , , , , , , , , , , , , , , , , , , , , , , , , , , , , 
altc, tmi, , , , , , , , , , , , , , , , , , , , , , , , , , , , , , , , , , , , , , , , , , , , , , , , , , , , , , , , , , , , , , , , , , , , , , , , , , , , , , 2, , , , , , , , , , , , , , , , , , , , , , , , , , , , , , , , , , , , , , , , , , , , , , , , , , , , , , , , , , , , , , , , , , , , , , , , , , , , , , , , , , , , , , , , , , , , , , , , , , , , , , , , , , , , , , , , , , 
altc, ttb, , , , , , , , , 2, , , , , , , , , , , , , , , , , , , , , , , , , , , , , , , , , , , , , , , , , , , , , , , , , , , , , , , , , , , , , , , , , , , , , , , , , , , , , , , , , , , , , , , , , , , , , , , , , , , , , , , , , , , , , , , , , , , , , , , , , , , , , , , , , , , , , , , , , , , , , , , , , , , , , , , , , , , , , , , , , , , , , , , , , , , , , , , , , , , , , , , 
altc, tvo, , , , , , , , , 2, , , , , , , , , , , , , , , , , , , , 2, , , , , , , 2, , , 2, 5, 5, , , , , , , , , 1, , , , , 1, , 4, 4, 2, 2, 2, , , , 4, 2, , , , , , , , 2, 1, 1, 1, , 2, 3, , , , , , , 1, , 1, 1, , 1, 1, 1, 1, 1, 2, 1, , , , , , 1, , , 1, 1, 1, 1, , , , 2, , , , , , , , , , , , , , , , , 1, , 2, 2, 1, , , , , , , , , 1, 2, , , , , , , , , , , 1, , , , , , , , , , , , , , , , , , , , , , , , , , , , , , , , , , , , 
aust, bua, 2, 2, 3, 1, 1, 1, 1, 2, , , , 1, 3, 1, 2, 8, 1, 5, 3, 1, , , , , , , , , 5, 2, , , , , , , , , , , , , , , , , , , , , , , , , 2, , , , , , 1, , , , , , , , , , , , , 2, , , , , , , , , , , , , 1, , 1, 1, , 1, , 3, , , , , , , , , , , , , , 1, , 5, , , , , , , , , , , , , , , , , 2, 3, 2, , , , , , , , , , , , , , , , , , , , , , , , , , , , , , , , 1, , , , 1, 4, 4, 21, , , , , , , , , , , 14, , , , , , , 11, , , , , , 
nais, yuc, 5, 2, 4, 2, 2, 1, 6, 4, 3, 1, , 1, , 1, 1, 7, 6, 4, 1, 1, , 5, 1, , 1, 1, 1, 2, 4, 1, 1, 3, , , , 7, , 3, , , 4, 5, , 5, , , 5, 2, , , , 3, 9, 2, 1, , , , 1, , 1, 2, 1, 3, , , , , , , , , , 2, , , , , 1, 2, 3, 1, 1, , , , 1, , 1, 1, , 1, 1, 2, 1, 2, 1, , 1, , , , , , 3, 2, 2, 1, 2, 2, , , 4, 2, 5, 2, 4, , , 2, , , , , , 3, , 1, 7, , 1, , , , , , , , , , , , , , , , , , , , , 1, 1, 1, 1, , , , , , 1, , , , 1, 4, 4, 21, , , , , , , , , , , 14, , , , , , , 11, , , , , , 
asis, ain, 3, 2, 2, 1, 1, 1, 1, 1, 3, 2, , 1, 2, 2, , , , , 1, 1, , , , 3, 4, 1, 5, 2, 4, 2, 1, 3, 1, 1, 1, 2, 4, 3, 1, , , 5, , 5, 2, 2, 1, 6, 2, 1, , 3, 9, 2, 9, 2, 1, 6, 2, 3, 1, 2, 1, 1, 4, , , 1, 2, 2, 4, 2, 4, 2, 4, 2, 4, 2, 2, 3, 2, 3, 2, 4, 5, 3, 1, , 1, 1, , 1, 1, 1, 1, 1, 2, 1, , , , , , , 2, 2, 2, 1, 1, 1, 1, 1, 6, 2, 5, 5, 2, 3, 2, 1, 3, 4, 3, 3, , 2, 2, 1, 7, 1, 1, 5, 1, 1, 1, , , , 1, 1, 1, 1, 1, 1, , , 3, , , , , 1, 1, 1, 1, , , , , , 1, , , , 1, 4, 4, 7, 3, , , , , , , , , , 3, , , , 4, 4, 1, 11, , , , , , 
nsah, brz, , , , , , , , , , , , , , , , , , , , , , , , , , , , , , , , , , , , , , , , , , , , , , , , , , , , , , , , , , , , , , , , , , , , , , , , , , , 1, 1, , , , , , , , , , , , , , , , , , , , , , , , , , , , , , , , , , , , , , , , , , , , , , , , , , , , , , , , , , , , , , , , , , , , , , , , , , , , , , , , , , , , , , , , , , , , , , , , , , , , , , , , , , , , , , , , , , , , 
ebir, sgb, , , , , , , , , , , , , , , , , , , , , , , , , , , , , , , , , , , , 2, , , , , , , , , , , , , , , , , , , , , , , , , 1, , , , , , , , , , , , , , , , , , , , , , , , , , 2, , 1, 2, , 2, 1, 2, 2, 2, 1, , 1, , , , , , , 2, , 4, 4, 4, , , , 2, , , , , , , , , , , , , 2, , , , 1, , , , , , , , , , , , , , , , , , , , , , , , , , , , , , 2, , , , 4, 1, 4, 4, 6, , 4, , , , 4, 8, 7, 1, , , , , , , , , , , , , , 
algi, aho, , , , , , , , , 3, , , , , , , , , , , , , , , , , , , , , , , , , , , , , , , , , , , , , , , , , , , , , , , , , , , , , , , , , , , , , , , , , , , , , , , , , 2, 2, , , , , , , , , , , , , , , , , , , , , , , , , , , , , , , , , , , , , , , , , , , , , , , , , , , , , , , , , , , , , , , , , , , , , , , , , , , , , , , , , , , , , , , , , , , , , , , , , , , , , , , , , , , , , 
wpap, sah, , , , , , , , , , , , , , , 5, 8, 1, , , , , , , , 1, 1, 1, 2, 6, , , , , , , 9, , , , , , , , , , , , 2, , , , 2, , , 9, , , , , , 4, 2, 1, 1, , , , , , , , , , 5, , , , , , , , , , , , , 2, , 1, 2, , 2, 1, 2, 2, 2, 1, , 1, , , , , 3, 6, 2, 1, 4, 4, 4, , , 2, 1, 5, 2, 2, , , 2, , , , , , , 2, , , , 6, , , , , , , , , , , , , , , , 1, , , , , 1, 1, 1, 1, , , , , , 2, , , , 4, 1, 4, 16, , , 13, 5, , , 4, 8, 1, 1, , , , , , , , , , , , , , 
cari, apl, , , , , , , , , , , , , , , , , , , , , , , , , , , , , 4, 1, , , , , , 7, , , 1, 5, 5, , , , 3, 1, , , , , , , , , 9, , , , , , 1, , , , , , 3, 2, , , , , , 2, 1, 1, 4, 2, , , , 3, 4, , , , 7, 5, 3, 1, 5, 1, 1, 2, , 3, , , , , , , , 2, 6, 2, 4, 1, , 2, , , , 2, , , , , , , , , , , , , 1, 2, 1, , 6, 4, 2, 2, 1, 3, , , , , , , , , , , , , , , , , , , , , , , , , 4, , , , 4, 2, 4, 20, , , , , , , , , , , 15, 19, , , 4, 4, 8, 2, , , , , , 9
ncau, drg, , , , , , , , , , , , , , , , , , , , , , , , , , , , , , , , , , , , 2, 6, 7, 2, , , , , , 3, 1, , , , , , , , , 1, , , 2, 1, 3, 4, , , , 6, 2, , , 1, , , , , , , , , 1, , , , , , , , , 1, , 1, 1, , 1, 1, 1, , 1, 2, 1, , , , , , , , , , 1, 1, 1, , , , , , , , 1, , , , , , , , , , , , , , , , , , , , , 1, , , , , , , , , , , , , , , , , , , , , , , , , , , , , , , , , , , , , , , , , , , , , , , , , , , , , 
tucn, mcn, , , , , , , , , , , , , , , , , , , , , , , , , , , , , , , , , , , , , , , , , , , , , , , , , , , , , , , , , , , , , , , , , , , , , , , , , , , , , , , , , , , , , , , , , , , , , , , , , , , , , , , , , , , , , , , , , , , , , , , , , , , , , , , , , , , , , , , , , , , , , , , , 2, 2, , , , , , , , , , , , , , , , , , , , , , , , , , , , , , , , , , , , , , , , , , , , , , , 
macg, max, 1, 2, 1, 1, 1, 1, 1, 1, 3, , , 1, 2, 1, , , , , 6, 1, , , , , , , , , , , , , , , , , , , , , , , , , , , , , , , , , , , , , , , , , 1, , , , , , , , , , , , , , , , , , , , , , , , , , 1, , 1, 1, , 1, , , , , , , , , , , , , 1, , , 1, , , , , , , , , , , 4, , , , , , , , , , , , 1, , , , , , , , , , , , , , , , , , , , , , , , , , , , , , , , , , , , , , , , , , , , , , , , , , , , , , , , , , , , , 
skoo, pok, , , , , , , , , , , , , , , , , , , , , , , , , , , , , 1, , , , , , , 9, , , , , , , , , , , , , , , , , , , 9, , , , , , 4, , , , , , , , , , , , , 5, , , , , , , , , , , , , 7, 1, 1, 3, 6, 4, 1, 2, 2, 2, , , , , , , , 2, 2, 2, , 5, 5, 5, , , , , , , , , , , , , , , , , 2, , , , 1, , , , , , , , , , , , , , , , , , , , , , , , , , , , , , , , , , , , , , , , , , , , , , , , , , , , , , , , , , , , , 
aupc, knq, , , , , , , , , , , , , , , , , , , , , , , , , , , , , , , , , , , , , , , 2, , , , , , , , , , , , , , , , , , , , , , , , , , , , , , , , , , , , , , , , , , , , , , , , , , , , , , , , , , , , , , , , , , , , , , , , , , , , , , , , , , , , , , , , , , , , , , , , , , , , , , , , , , , , , 7, 7, 1, 1, , , , , , , , , , , , , , , , , , , , , , , , , , , , , , , , , , , , , , , , , 
eska, ych, , , , , , , , , , , , , , , 1, 1, 7, 2, , , , , , , , , , , , , , , , , , , , , , , , , , , , , , , , , , , , , , , , , , , , , , , , , , , , , , , , , , , , , , , , , , , , , , , , , , , , , , , , , , , , , , , , , , , , , , , , , , , , , , , , , , , , , , , , , , , , , , , , , , , , , , , , , , , , , , , , , , , , , , , , , , , , , , , , , , , , , , , , , , , , , , , , , , , , , , 
eska, ypk, , , , , , , , , 1, 2, , , , , 1, 1, 7, 2, , , , , , , 3, 3, 3, 2, 2, 3, 2, 3, 1, 1, 1, 2, 6, , 2, 5, 5, 3, , 3, , , 1, 6, , 1, , 1, 6, 6, 1, 2, 5, , , , 2, , , , , , , , , , , , , 2, 1, 1, 1, , 1, 2, 3, 2, 2, 4, 5, 1, 7, , 3, 3, 6, , , 3, , , , , , , , , , , 3, 1, 4, 5, 5, 5, 4, 1, 3, 2, 5, 2, 5, , , 2, 2, 1, 8, 5, , 2, 1, , , , 1, , , , , , , , 4, , 3, 3, , 2, 2, , 3, , , , , , , , , 1, , , , , 4, , , , 4, 2, 4, , , , , , , , , , , , , , , , , , , , , , , , , 
eska, yun, , , , , , , , , , , , , , , 1, 1, 7, 2, , , , , , , , , , , , , , , , , , , , , , , , , , , , , , , , , , , , , , , , , , , , , , , , , , , , , , , , , , , , , , , , , , , , , , , , , , , , , , , , , , , , , , , , , , , , , , , , , , , , , , , , , , , , , , , , , , , , , , , , , , , , , , , , , , , , , , , , , , , , , , , , , , , , , , , , , , , , , , , , , , , , , , , , , , , , , , 
kart, sva, , , , , , , , , , , , , , , , , , , , , , , , , , , , , , , , , , , , , , , , , , , , , , , , , , , , , , , , , , , , , , , , , , , , , , , , , , , 5, 3, , , , , , , , , , , , , , , , , , , , , , , , , , , , , , , , , , , , , , , , , , , , , , , , , , , , , , , , , , , , , , , , , , , , 2, 2, , , , , , , , , , , , , , , , , , , , , , , , , , , , , , , , , , , , , , , , , , , , , , , 
siou, omh, , , , , , , , , , , , , , , , , , , , , , , , , , , , , , , , , , , , , , , , , , , , , , , , , , , , , , , , , , , , , , , , , , , , , , , , , , 2, , , , , , , , 2, 2, , , , 1, , 1, 1, , , 1, 2, 1, 2, , , , , , , , , 2, , , , , 2, , , , , , , , , , , , , , , , , 1, , , , 1, , , , , , , , , , , , , , , , , , , , , , , , , , , , , , 4, , , , 4, 2, 4, 20, , , , , , , , , , , 6, , , , 4, 4, 8, 2, , , , , , 
gulf, ctm, , , , , , , , , , 2, , , , , , , , , , , , , , , 1, 4, 5, 2, 2, , , , , , , 2, 3, 4, , , , , , , , , , , , 1, , , , , 1, , , , 1, , , 1, 1, 1, , , , , , , , , , 2, , , , , , , , 2, 4, , , , 1, , 1, 1, , 1, 1, 2, , 2, 1, , 1, , , , , 2, 2, , 2, 1, 2, 2, , , , , , , , , , , , , , , , , 1, , , , 1, , , , , , , , , , , , , , , , , , , , , 1, 1, 1, 1, , , , , , 4, , , , 4, 2, 4, 20, , , , , , , , , , , 6, , , , 4, 4, 8, 2, , , , , , 
hoka, krk, 4, 2, 3, 1, 1, 1, 1, 1, 3, 1, , 1, , 2, 1, 5, 2, , 1, 1, 1, 5, 1, 5, 1, 1, 1, 2, 4, 1, 1, 2, 1, 1, 1, 2, , 4, , 1, , 3, , 3, , , , 6, 1, 1, 2, 2, 3, 4, 6, 2, , , 1, , 1, 1, 1, 1, , , , , 2, 2, 4, 1, 3, 2, 1, 4, 1, 2, , 3, , 2, 4, , , , 7, , 1, 3, 6, 1, 1, 2, 1, 1, , , , , , , , , , , , 5, 5, 5, 1, 1, 5, 2, 5, 2, 5, , 2, 1, 3, 4, 3, 1, , 2, 6, 2, 3, , , 3, 1, 1, 1, , , , , , , , , 2, 1, 1, 1, , , , , 1, 1, 2, 2, 3, , , , , 14, 2, , , 1, 2, 4, , , , , , , , , , , , , , , , , , , , , , , , , 
toto, tot, , , , , , , , , , , , , , , , , , , , , 1, 5, 1, , , , , , 4, 3, , , 1, 1, 1, 6, , , , 1, , , , , , , 1, 6, , , , 2, , , 9, , , , , , 1, 1, 1, 1, , , , , , , , , , 4, 5, 4, 1, , , , , , , , , , , , , , , , , 3, 1, , , , , , , , , , , , , , , 5, , , 2, , 5, 4, 4, , , 2, , , , , , , , , , , , , 2, 1, 2, , , , , , , , , , , , , , , , , , , , , , , , , , , , , , , , , , , , , , , , , , , , , , , , , , , , , , , , , 
coah, ton, 2, 2, 3, 1, 1, 1, 1, 2, , , , 1, 2, 1, , , , , 1, 1, , , , , 3, 2, 5, 2, 3, , , , , , , 2, , 6, , , , , , , 3, , 1, 6, , 1, , 2, , , 6, , , , 1, , 1, 2, 1, 2, , , , , , , , , , 2, 2, 1, , , , , , 2, 2, , , , 7, 1, 1, 1, 6, 1, 1, 2, 4, , , , , , , , , , 6, , 4, 1, , 2, , , 4, 2, 5, 4, 3, , , 2, , , , , , 2, 1, 1, 7, , 2, , , , , , , , , , , , , , , , , , , , , 1, 1, 1, 1, , , , , , 4, , , , 4, 2, 4, 20, , , 13, 21, , , 4, 8, 2, 4, 15, 15, , , 4, 4, 8, 2, , , , , , 
waka, mak, , 2, 5, 2, 4, 4, 2, 4, 3, , , 1, 3, 1, 1, 1, 2, , 1, 1, , , , , , , , , 1, , , , 1, 1, 1, 8, , 4, 1, , , 3, , 3, 2, 1, , 6, 1, 3, , 1, 1, 1, 9, , , , , , 4, , , , , , 8, , , 1, 4, 2, 4, 2, 1, 3, 4, 2, 2, , , 3, 2, 4, 5, 1, 3, , 2, 2, 1, 4, 3, 3, 1, 3, 7, 2, 2, , , , , 1, 3, 1, , 5, 5, 5, , , 2, 3, 5, 3, 5, 2, , 2, 3, 4, 8, 5, , 2, , 2, 1, , 1, , , , , , , , 4, , , , , , , , , , , , , , , , , , , , , , 1, , , , 1, 4, 4, 9, 3, , , , , , , , , , , , , , , , , , 1, , 1, 6, 4, 
cais, tol, 3, 2, 3, 1, 1, 1, 2, 2, , , , 1, 2, 1, 1, 3, 3, , 1, 1, , , , , , , , , , , , , 1, 1, 1, , , 4, , , , , , , , , , 6, , , , 2, , , , , , , 1, , , , , , , , , , , , , , , , , , , , , , , , , , , , , , , , , , , , , , , , , , , , , , , , , , , , , , 2, , 5, 3, 3, , , 2, , , , , , , , 1, 7, , , , , , , , , , , , , , , 2, 2, , , 5, 2, 2, 1, , , , , , , , , , 1, , , , 1, 4, 4, , , , , , , , , , , , , , , , , , , , , , , , , 
mgua, abi, 5, 2, 3, 1, 1, 4, 1, 2, 3, 2, , 1, 3, , , , , , 1, 1, 1, 5, 1, , , , , , 2, , 1, 2, , , , 2, , 4, , , , 3, , 2, , , , 6, , , , 2, 1, 1, 9, , , , , , 3, , , , , , , , , 2, 4, 2, 4, 2, , , , , , , , 1, 1, , , , 2, , 1, 2, 1, 2, 3, 3, 1, , 1, , 1, , , , , 1, , 1, 1, 4, 4, 5, 1, 1, 2, , 5, 3, 2, , , 2, , , , , , 2, 2, 3, 3, , , , , , , 3, , , , , , , , 2, 2, , , , , , , , , , , , , , , , 1, , , , 1, 4, 4, 21, , , 11, , , , , , 7, 4, , , , , , , , , , , , , , 
guah, mcg, , , , , , , , , , , , , , , , , , , , , , , , , , , , , , , , , , , , , , , , , , , , , , , , , , , , , , , , , , , , , , , , , , , , , , , , , , , , , , , , , , , , , , , , , , , , , , , , , , , , , , , , , , , , , , , , , , , , , , , , , , , , , , , , , , , , , , , , , , , , , , , , 2, 2, , , , , , , , , , , , , , , , , , , , , , , , , , , , , , , , , , , , , , , , , , , , , , , 
sepr, yim, 1, 1, 4, 1, 1, 1, 1, 2, 1, 2, , 1, 2, 1, 2, 8, 1, 1, 3, 1, , , , , 1, 2, 5, 2, 4, 1, 1, 2, 5, 2, 3, 2, 6, 4, , 5, 5, 3, , 3, 3, 1, 2, 6, 1, , 1, 3, 9, 4, 1, , 6, 1, 1, 1, , 2, 1, 1, 6, 2, 2, , 3, , , , , 2, 1, 4, 1, 2, 1, 2, 1, 1, 1, 1, 5, 1, , , 1, 1, 6, 1, 1, 3, 2, , , , , , , , , , , , , 1, , 5, 1, 1, 6, 2, 5, 2, 4, 1, , 2, 3, 4, 3, 4, 3, 4, 1, 2, 5, , , 4, 3, 1, 1, , 4, , 1, 3, 2, 1, , , , , 3, , , , , 3, 2, 1, 2, , , , , , 3, , , , 2, 4, 4, 20, , , , , , , , , , , 20, , , , , , , , , , , , , 
kita, twn, 4, 2, 3, 2, 2, 1, 2, 4, 3, , , 1, , 2, , , , , 1, 1, , , , , , , , , 4, , , , , , , 2, , , , , , , , , 3, , , , , , , , , , 1, , , , , , 1, , , , , , , , , , , , , 2, , , , , , , , 2, 2, , , , 7, 1, 1, 3, 6, , , , , , , , , , , , , , , , , 5, 5, 5, , , , , , , , , , , , , , , , , 1, , , , , , , , , , , , , , , , , 2, 2, , , , , , , , , , , , , , , , 3, , , , 2, 4, 4, 20, , , 13, 20, , , 4, 2, 7, 4, 15, 14, , , 4, 4, 2, 11, , , , , , 
geba, skr, , , , , , , , , , , , , , , 1, 5, 5, 5, , , , , , , , , , , , , , , , , , , , , , , , , , , , , , , , , , , , , , , , , , , , , , , , , , , , , , , , 2, , , , , , , , , , , , , , , 1, 1, , , , , , , 1, , 1, , , , , , , , , , 2, , , , , , , , , , , , , , , , , , , , , , , , , , , , , , , , , , , , , , , , , , , , , , , , , , , , , , , , , , , , , , , , , , , , , , , , , , , , , , , , , , , 
wita, hmi, , , , , , , , , , , , , , , , , , , , , , , , , , , , , 2, , 4, 3, , , , 2, , 5, , 5, 5, , , , , , , , , , , 3, 6, 2, 1, , , , , , , , , , , , , , , , , , , 2, 1, , , , 1, , , , , , , , 1, , 1, 1, 3, , , 1, 1, 1, , , , , , , , 1, 6, 1, 2, , , 1, , , , 2, , , , , , , , , , , , 2, 1, , , , 6, , , , , , , , , , , , , 2, 2, , , , , , , , , , , , , , , , 4, , , , 4, 2, 4, 20, , , , , , , , , , , 6, , , , 4, 4, 8, 2, , , , , , 
wita, htt, , , , , , , , , 2, , , , , , , , , , , , , , , , , , , , , , , , , , , , , , , , , , , , , , , , , , , , , , , , , , , , , , , , , , , , , , , , , , , 2, , , , , , 1, 1, , , , , , , , , , , , , , , , , , , , , , , , , , , , , , , , , , , , , , , , , , , , , , , , , , , , , , , , , , , , , , , , , , , , , , , , , , , , , , , , , , , , , , , , , , , , , , , , , , , , , , , , , , , , , 
choc, epe, 2, 3, 2, 2, 2, 1, 1, 1, 3, 1, , 1, 2, 1, 1, 3, 2, , 4, 1, 1, 1, 1, 3, 2, 4, 5, 2, 2, 1, 4, 1, 1, 1, 1, 8, 3, 4, , 1, 4, 3, , 1, 2, 3, 1, 6, , , , 2, 8, 2, 6, , , , 1, 1, 4, 1, 1, 1, 6, 7, , , , , , , , 2, 1, 2, 4, 2, , 2, , 2, 4, , , , 1, , 1, 1, 5, 1, 1, 2, 1, 2, 3, , , 1, , , , , 6, 1, 5, 1, 5, 2, 4, 4, 1, 5, 1, 1, 1, 1, , 2, 3, 4, 5, 4, 1, 2, 1, 2, 5, 1, 2, , 1, 1, 2, , 2, 2, 1, 3, 1, 1, 1, , , , , , , , , , , , , , , , , , 4, , , , 4, 2, 4, 20, , , , , , , , , , , 6, , , , 4, 4, 8, 2, , , , , , 
maku, daw, , , , , , , , , , , , , , , , , , , , , , , , , , , , , , , , , , , , 8, , , , , , , , , , , , , , , , , , , 6, , , , , , , , , , , , , , , , , , , 2, , , , , , , , , , , , , 1, , 1, 1, , 1, 1, 2, 1, 1, , , , , , , , , , 1, , 1, , 2, , , , , , , , , , , , , , , , , , , , , , , , , , , , , , , , , , , , , , , , , , , , , , , , , , , , , , , , , , , , , , , , , , , , , , , , , , , , , , , , , , 
kwba, bio, , , , , , , , , , , , , , , , , , , , , , , , , , , , , 2, , , , , , , , , , , , , , , , , , , , , , , , , , 1, , , , , , 4, , , , , , , , , , , , , 2, , , , , , , , , , , , , , , 1, 1, , , 1, 3, , 3, 1, , 1, , , , , , , , , , 2, 5, , , , 2, , , , , , , , , , , , , 1, , , , , , , , , , , , , , , , , , , , , , , , , , , , , , , , , , 4, , , , 4, 2, 4, 20, , , , , , , , , , , 21, , , , , , , , , , , , , 
mizo, mco, , , , , , , , , , , , , , , , , , , , , , , , , , , , , , , , , , , , 7, , , , , , , , , , , , , , , , , , , , , , , , , 1, , , , , , , , , , , , , 2, , , , , , , , , , , , , , , , , , 2, 1, 1, 1, 1, 1, , 1, , , , , 1, 5, , 1, , 5, , , , , , , , , , , , , , , , , , 2, , , , 1, , , , , , , , , , , , , 2, 2, , , , , , , 1, , 2, , , , , , , 1, , , , 1, 4, 4, , , , , , , , , , , , , , , , , , , , , , , , , 
mura, prh, 2, 1, 2, 2, 1, 1, 1, 1, 3, 2, , 1, 1, 2, 1, 4, 7, , 4, 1, 1, 5, 1, 5, 4, 4, 4, 1, 2, 3, 1, 1, 4, 2, 2, 9, 1, 2, , 5, 5, 1, , 1, 2, 1, 3, 2, 1, 4, 2, 2, 9, 2, 1, 2, , , 1, , , 2, 1, 1, , , 1, , 1, 1, 4, 2, 4, 2, 5, , 1, 2, , 2, , 3, 2, 4, 5, 1, 1, , 1, 1, 3, 1, 1, 2, 2, 2, , , , , , , , , 2, 2, , 1, , 2, 1, 1, 2, , 5, 2, 2, 2, 1, 2, 3, 4, 8, 5, 2, 2, 1, 1, 7, , 3, 5, , , , 3, 2, 5, 4, 2, 1, 1, 1, , , , 6, 3, 1, 2, 2, 1, 1, 1, 1, , , , , 3, 4, , , , 4, 2, 4, 20, , , , , , , , , , , 6, , , , 4, 4, 8, 2, , , , , , 
cadd, akr, , , , , , , , , , , , , , , , , , , , , , , , , , , , , , , , , , , , , , , , , , , , , , , , , , , , , , , , , , , , , , , , , , , , , , , , , , , , , , , , , , 2, 2, , , , , , , , , , , , , , , , , , , , , , , , , , , , , , , , , , , , , , , , , , , , , , , , , , , , , , , , , , , , , 2, 2, , , , , , , , , , , , , , , , , , , , , , , , , , , , , , , , , , , , , , , , , , , , , , , 
yuki, wap, 4, 2, 4, 2, 2, 1, 6, 2, 3, , , 1, , 1, , , , , 1, 1, , , , , , , , , 2, 3, , , , , , 2, , , , 2, , , , , , , , 6, , , , 2, , , 1, , , , 1, , 1, 1, 1, 1, , , , 1, , , , , , 2, 1, 1, , , , , , , , , , , 1, , 1, 1, , , 1, 2, 1, 2, 3, , , 1, , , , , 6, 2, 5, , 5, 2, , , 1, , 1, 1, 1, , , 1, , , , , , , 1, , , , 2, 5, 1, 1, 1, , , , , , , , , 2, 2, , , , , , , 1, 1, 1, 2, , , , , , 4, , , , 4, 2, 4, 20, , , , , , , , , , , 6, , , , 4, 4, 8, 2, , , , , , 
katk, cnm, , , , , , , , , , , , , , , , , , , , , , , , , , , , , 4, , , , , , , 7, , , , , , , , , , , , , , , , , , , 9, , , , , , 1, , , , , , , , , , , , , 2, , , , , , , , , , , , , , , , , , 1, 1, 2, 1, 3, 1, , 1, , , , , 2, , 1, , , 5, , , , , , , , , , , , , , , , , , 1, 1, 7, , 1, , , , , , , , , , , , , , , , , , , , , , , , , , , , , , 4, , , , 4, 2, 4, , , , , , , , , , , , , , , , , , , , , , , , , 
saso, ito, 3, 2, 3, 2, 4, 1, 2, 2, 3, , , 1, 2, , , , , , 1, 1, , , , , , , , , , , , , , , , 2, , , , , , , , , , , , , , , , , , , , , , , , , 1, , , , , , , , , , , , , 4, , , , , , , , 2, 4, , , , 2, , 1, 2, , , 3, 3, 1, , , , , , , , , , 6, , , , , 5, , , , 2, , , , , , , , , , , , , , , , , 2, , , , , , , , , , , , , , , , , , , , , , , , , , , , , , , , , , , , , , , , , , , , , , , , , , , , , , , , , , , , , 
yuka, yko, 3, 2, 3, 2, 2, 4, 1, 2, 1, 2, , 4, 2, 1, 1, 5, 4, , 1, 1, , , , , 2, 4, 5, 2, 2, 3, 2, 2, 1, 1, 1, 2, , 7, 2, 5, 5, 3, , 3, 2, 2, 1, 6, 1, 1, , 2, 7, 3, 1, 2, 6, 1, 1, , 2, 2, 1, 2, 6, 4, 2, 1, 2, 2, 4, 1, 4, 2, 1, 2, 1, 2, 2, 2, 3, 2, 2, 4, 5, 1, 1, , 1, 1, , 1, 1, 1, 1, 1, 2, 1, , , 6, , , , 6, 2, 2, 1, 1, 1, 2, 2, 2, 2, 2, 2, 1, 1, 2, 2, , , , , , 2, 1, 3, 3, 1, 6, 4, 1, 1, 1, , 4, 5, 1, 3, 3, 3, 2, , , , 1, , , , , 2, 2, 1, 1, , , , , 3, 3, , , , 2, 4, 4, 20, , , , , , , , , , , 5, , , , 4, 4, 2, 11, , , , , , 
iroq, cyg, , , , , , , , , , , , , , , 1, 4, 7, 2, , , , , , , , , , , , , , , , , , , , , , , , , , , , , , , , , , , , , , , , , , , , , , , , , , , 2, , , , , , , , , , , , , , , , , , , , , , , , , , , , , , , , , , , , , , , , , , , , , , , , , , , , , , , , , , , , , , , , , , , , , , , , , , , , , , , , , , , , , , , , , , , , , , , , , , , , , , , , , , , , , , , , , , , , , , , , , , , 
yeos, ket, 2, 3, 2, 2, 5, 2, 1, 3, 2, 2, , 1, 3, 1, , , , , 1, 1, 1, 5, 2, 2, 1, 1, 1, 2, 5, , 4, 2, 3, 2, 2, 2, 6, 6, , 5, 5, 3, , 3, 3, 3, , 6, , 1, 2, 4, 8, 2, 1, 1, 5, 4, , , 1, 2, 1, 1, , , 7, 1, 1, 1, 4, 2, 4, 1, 1, 2, 4, 2, 2, 3, 3, 1, 1, 4, 5, 3, 1, , 1, 1, , 1, 1, 1, 1, 1, , , , , , , , 1, , 2, , 1, , 1, 1, 1, 4, , 5, 2, 2, 2, , 1, 3, 4, 8, 5, , 2, , 1, 7, 1, 1, 1, 2, 1, 1, , , , 1, , , , , , , , 1, , , , , 1, 2, 1, 1, 3, , , , 3, 1, , , , 1, 4, 4, 7, 3, , , , , , , , , , 3, , , , 4, 4, 1, 11, , , , , , 
musk, cck, 2, 1, 4, 2, 1, 1, 1, 4, , , , 1, 2, 1, , , , , 1, 1, , , , , , , , , , 1, , , , , , , , , , , , , , , , , , , , , , , , , , , , , , , , , , , , , , , , , , , , , , , , , , , , , , , , , , , , , , , , , , , , , , , , , , , , , , , , , , , , , , , , , , , , , , , , , , , , , , , , , , , , , , , , , , 1, 2, , , , , , , , , , , , , , , 3, , , , , , , , , , , , , , , , , , , , , , , , , , , , , , , , 
lema, owi, , , , , , , , , , , , , , , , , , , , , , , , , , , , , , , , , , , , , , , , , , , , , , , , , , , , , , , , , , , , , , , , , , , , , , , , , , , , , , , , , , , , , , , 1, , 1, 1, , 1, 1, , , 2, , , , , , , , , , 2, , 1, , , , , , , , , , , , , , , , , , , , , , , , , , , , , , , , , , , , , , , , , , , , , , , , , , , , , , , , , , , , , , , , , , , , , , , , , , , , , , , , , , , , 
kere, ksa, , , , , , , , , , , , , , , , , , , , , , , , , , , , , 5, , , , , , , 8, , , , , , , , , , , , , , , , , , , 6, , , , , , 1, , , , , , , , , , , , , 2, , , , , , , , , , , , , 7, , 1, 1, , 1, 1, , 1, , , , , , , , , , 1, , , 1, , , , , , 2, , , , , , , , , , , , , 2, , , , 1, , , , , , , , , , , , , 2, 1, 3, , , , , , , , , , , , , , , 1, , , , 1, 4, 4, 21, , , , , , , , , , , 18, , , , , , , , , , , , , 
jiva, jiv, 2, 1, 3, 1, 1, 1, 1, 1, 2, , , 1, , , , , , , 1, 1, , , , , 3, 3, 3, 2, 2, , , , , , , 2, , , , , , , , , , , , , , , , , , , 1, , , , 1, , , , , , , , , , , 2, 1, 1, 3, 2, , , , , , , , , , , , , 1, , 1, 1, , , 1, 1, , 1, , , , , , , , 1, , , , , , 1, , , , , , , , , , , , , , , , , 1, , , , , , , , , , , , , , , , , 2, 1, 2, , , , , , 1, 1, 1, 2, , , , , , 4, , , , 4, 2, 4, 20, , , , , , , , , , , 6, , , , 4, 4, 8, 2, , , , , , 
pbya, yag, 1, 2, 1, 1, 1, 1, 1, 1, 3, 1, , 1, 2, 2, , , , , 3, 1, 1, 5, 1, 6, 5, 1, 5, 2, 2, 3, 1, 1, , , , 2, , 4, 2, 5, 5, 5, , 5, 2, 1, 6, 6, 1, 3, , 4, 9, 2, 1, , , , 3, , 1, 2, 1, 1, 2, 4, 1, , 3, 1, 3, 2, 4, 2, 5, 1, , 2, , 2, , 1, 1, 4, 5, 1, 7, , 2, 2, , 1, 1, 2, 1, 1, 1, , 1, , , , , 1, 3, 1, 5, 3, 4, 4, 1, 1, 4, 3, 5, 2, 2, 3, 4, 2, 3, 4, 5, 3, , 2, 2, 1, 7, , 1, , 2, 2, 2, 3, , , 1, 3, 3, 3, 1, , , , 1, , , , , 1, 1, 1, 1, , , , , , 1, , , , 1, 4, 4, 21, 3, , , , , , , , , , , , , , , , , , 6, , 1, 6, 4, 
chum, cin, , , , , , , , , , , , , , , , , , , , , , , , , 1, 1, 1, 2, , 1, , , , , , , , , , , , , , , , , , , , , , , , , , , , , 1, , , 1, 1, 1, , , , , , , , , , , , , , , , , , , , , , , , , , , , , , , , , , , , , , , , , , , , , , , , , , , , , , , , , , , , , , , , , , , , , , , , , , , , , , , , 1, 2, , , , , , , 1, 1, 1, 2, , , , , , , , , , , , , , , , , , , , , , , , , , , , , , , , , , , , , 
urch, uru, , , , , , , , , , , , , , , , , , , , , , , , , , , , , , , , , , , , , , , , , , , , , , , , , , , , , , , 1, , , , , , , , , , , , , , , , , , , , , , , , , , , , , , , , , , 1, 1, , , , 3, 6, , , , , , , , , , , 2, 4, , , 5, , , , , , , , , , , , , , , , , , , , , , , , , , , , , , , , , , , , , , , , , , , , , , , , , , , 1, , , , 1, 4, 4, 21, , , , , , , , , , , 18, , , , , , , , , , , , , 
chka, chk, 2, 2, 2, 1, 1, 2, 1, 5, 1, 2, , 1, 3, 1, 2, 8, 1, , 1, 1, 1, 2, 1, 3, 3, 4, 5, 2, 3, 1, 3, 2, 1, 1, 1, 2, 6, 7, 1, 5, 5, 3, , 3, 3, 1, 1, 6, 1, 1, , 2, 8, 4, 1, 2, 5, 7, 1, 2, 4, 2, 1, 1, 6, 7, 7, 1, 1, 1, 4, 1, 4, 4, 5, 4, 1, 2, 3, 3, 3, 1, 1, 4, 5, 1, 7, , 1, 1, , 1, 1, 1, 1, 1, 7, 2, 2, , , , , , 6, 2, 1, 1, 5, 1, 4, 4, 6, 2, 5, 2, 2, 1, 2, 2, 2, 1, 8, 5, , 2, 2, 3, 4, 1, 6, 4, 2, 1, 1, 1, 4, , 4, , , , , , , , 3, , , , , 2, 2, 1, 1, , , , , , 1, , , , 1, 4, 4, 21, , , , , , , , , , , 18, , , , , , , , , , , , , 
chon, teh, 4, 1, 5, 2, 4, 2, 2, 4, 3, , , 1, , 1, 2, 8, 1, , 1, 1, , , , , , , , , , , , , , , , , , , , , , , , , , , , , , , , , , , , , , , , , , , , , , , , , , , , , , , 2, , , , , , , , , , , , , , , , , , , , , , , , , , , , , , , , , , , , , , , , , , , , , , , , , , , , , , , , , , , , , , , , , , , , , 2, 2, , , , , , , , , , , , , , , , , , , , , , , , , , , , , , , , , , , , , , , , , , , , , , , 
misu, mis, , , , , , , , , , , , , , , 2, 8, 1, , , , , , , , 4, 1, 5, 2, 2, , , , , , , 7, , , , 1, 2, , , , , , , 6, , 2, , 2, , , , , , , 1, , 2, , , , , , , 2, , , , , , 2, , , , , , , , , , , , , 1, , 1, 1, , 1, 1, 2, 1, 1, , , , , , , , 1, 2, 2, 2, 1, , 2, , , 2, , 2, 2, 1, , , 2, , , , , , , 1, , , , 3, 5, 2, 2, 1, 3, , , 1, , , , , 2, 2, , , , , , , 1, 1, 2, 2, , , , , , 4, , , , 4, 2, 4, 20, , , , , , , , , , , 6, , , , 4, 4, 8, 2, , , , , , 
slvn, sba, 3, 2, 3, 4, 2, 1, 1, 2, 3, , , 1, 1, 1, , , , , 1, 1, , , , , , , , , , , , , , , , , , , , , , , , , , , , , , , , , , , , , , , , , , , , , , , , , , , , , , 2, , , , , , , , 1, 1, , , , , , , , , 1, , , , , , , , , , , , , , , , , , , , , , , , , , , , , , , , , , , 1, , , , , , , , , , , , , , , , , 2, 2, , , , , , , , , , , , , , , , 4, , , , 4, 2, 4, , , , , , , , , , , , , , , , , , , , , , , , , 
tara, pur, 4, 2, 4, 2, 2, 1, 1, 2, , , , 1, 2, 1, 2, 8, 6, , 1, 1, 1, 1, 1, , 2, 2, 2, 2, 2, , , , , , , 2, , , , , 2, , , , , , , 6, , 1, , 2, , , 1, 2, , , 3, , 2, , , , , , , , 1, , , , , 2, 1, 2, 4, 2, , , , 2, 2, , , , 2, , 1, 2, , 4, 3, 2, 1, 1, 1, , 1, , , , , , , 1, , 5, 4, 4, , , 2, , 5, 4, 3, 1, , 2, , , , , , , 2, 1, 7, 2, , , , , , 1, , , 1, 3, , , , 1, 2, , , , , , , 1, 1, 1, 1, , , , , , 1, , , , 1, 4, 4, 21, , , 11, , , , , , 7, 4, , , , , , , , , , , , , , 
lmam, wrm, , , , , , , , , 3, , , , , , , , , , , , 1, 5, 1, , , , , , , , , , , , , , , , , , , , , , , , , , , , , , , , , , , , , , , , , , , , , , , , , , , , 5, 1, , , , , , , , , , , 2, , 1, 2, , 2, 1, 2, , , , , , , , , , , , , , 4, , 4, , , , 2, , , , 1, , , , , , , , , 2, 1, 7, , , , , , , , , , 2, , , , , , , , , , , , , , , , , , , , , , 2, , , , 4, 1, 4, 4, 6, , 4, , , , 4, 8, 7, 1, , , , , , , , , , , , , , 
yano, ynm, , , , , , , , , 3, , , , , , , , , , , , , , , , , , , , , , , , , , , , , , , , , , , , , , , , , , , , , , , , , , , , , , , , , , , , , , , , , , , , , , , , , , , , , , , , , , , , , , , , , , , , , , , , , , , , , , , , , , , , , , , , , , , , , , , , , , , , , , , , , , , , , , , , , , , , , , , , , , , , , , , , , , , , , , , , , , , , , , , , , , , , , , , , , , , , , , , 
cahu, jeb, 3, 1, 4, 1, 1, 1, 2, 2, 3, , , 1, 2, 1, , , , , 1, 1, , , , , , , , , 2, , , , , , , 2, , , , , , , , , , , , , , , , , , , 1, , , , , , 2, , , , , , , , , , , , , 2, 1, 4, 1, 1, , , , , , , , , 7, , 3, 3, 6, , 2, 1, 1, , 1, , 1, , , , , , , , , 5, 5, 5, , , , , , , , , , , , , , , , , 1, 1, 7, , 1, , 1, 1, 2, , , , , , , , , , , , , , , , , , , , , , , , , , 4, , , , 4, 2, 4, , , , , , , , , , , , , , , , , , , , , , , , , 
eupc, jcr, , , , , , , , , , , , , , , , , , , , , , , , , , , , , , , , , , , , , , , 1, , , , , , , , , , , , , , , , , , , , , , , , , , , , , , , , , , , , , , , , , , , , , , , , , , , , , , , , , , , , , , , , , , , , , , , , , , , , , , , , , , , , , , , , , , , , , , , , , , , , , , , , , , , , , , , , , , , , , , , , , , , , , , , , , , , , , , , , , , , , , , , , , , , , , , , , , 
aspc, npn, , , , , , , , , , , , , , , , , , , , , , , , , , , , , , , , , , , , , , , , , , , , , , , , , , , , , , , , , , , , , , , , , , , , , , , , , , , 4, 1, , , , , , , , , , , , , , , , , , , , , , , , , , , , , , , , , , , , , , , , , , , , , , , , , , , , , , , , , , , , , , , , , , , , , , , , , , , , , , , , , , , , , , , , , , , , , , , , , , , , , , , , , , , , , , , , , , , , 
chmn, qui, 4, 1, 5, 2, 2, 4, 2, 4, 3, , , 1, , 2, , , , , 4, 1, , , , , 3, 1, 5, 2, 3, 1, , , , , , 1, , , , , 1, , , , 4, , , 2, , , , 1, , , 1, , , , 1, , 2, 1, 1, 2, , , , , , , , , , , , , , , , , , 2, 2, , , , 3, , 2, 2, , , 2, 1, 1, 1, , , , , , , , , 6, 1, 1, , , 3, , , 2, , 5, 2, 3, , , 1, , , , , , , 3, 2, 1, , 2, 3, , , , , , , , , , , , 1, 1, 1, 1, , , , , 1, 1, 1, 1, , , , , , 1, , , , 1, 4, 4, 9, 3, , , , , , , , , , , , , , , , , , 1, , 1, 6, 4, 
ayma, jaq, 5, 1, 5, 1, 1, 2, 2, 2, , 2, , 1, 2, 1, 6, 8, 1, 1, 1, 1, , , , , , , , , 2, 1, , , 1, 1, 1, 2, , , , , , , , , , , 6, 6, 1, 1, , 1, , , 1, , , , 1, 3, 2, , , , 6, , , 2, , , , , , 2, 1, 3, 1, , , , , 3, 2, , , , , , , , , , 1, 1, 1, 1, , , , , , , , 1, , , 4, , , , , , 2, , 5, 5, 5, , , 2, , , , , , 2, 2, 2, 2, , , , , , , , , , , , , , , , , , 1, , , , , 1, 1, 3, 2, , , , , , 1, , , , 1, 4, 4, , , , , , , , , , , , , , , , , , , , , , , , , 
ieur, rmc, , , , , , , , , , , , , , , , , , , , , , , , , , , , , , , , , , , , , , , , , , , , , , , , , , , , , , , , 1, 7, , , , , , , , , , , , , , , , , , , , , , , , , , , , , , , , , , , , , , , , , , , , , , , , , , , , , , , , , , , , , , , , , , , , , , , , , , , , , , , , , , , , , , , , , , , , , , , , , , , 2, , , , , , , , , , , , , , , , , , , , , , , , , , , , , , , , , , , , 
ieur, rsc, 3, 2, 4, 4, 2, 1, 1, 2, , , , 1, 3, 1, , , , , 1, 1, , , , , , , , , , , , , , , , , , , , , , , , , , , , , , , , , , , , , , , , , , , , , , , , , , , , , , , , , , , , , , , , , , , , , , , , , , , , , , , , , , , , , , , , , , , , , , , , , , , , , , , , , , , , , , , , , , , , , , , , , , , , , , , , , , , , , , , , , , , , , , , , , , , , , , , , , , , , , , , , , , , , , , , , , , , , 
ieur, rsm, , , , , , , , , , , , , , , 1, 3, 7, , , , , , , , , , , , , , , , , , , , , , , , , , , , , , , , , , , , , , , , , , , , , , , , , , , , , , , , , , , , , , , , , , , , , , , , , , , , , , , , , , , , , , , , , , , , , , , , , , , , , , , , , , , , , , , , , , , , , , , , , , , , , , , , , , , , , , , , , , , , , , , , , , , , , , , , , , , , , , , , , , , , , , , , , , , , , , , 
ieur, rsu, , , , , , , , , , , , , , , , , , , , , , , , , , , , , , , , , , , , , , , , , , , , , , , , , , , , , , , , , , , , , , , , , , , , , , , , , , , 1, 1, , , , , , , , , , , 2, , 1, 2, , , 2, 2, 1, 1, 1, , 1, , , , , , , , 1, , 4, 4, , , , , , , , , , , , , , , , , 2, , , , , , , , , , , , , , , , , , , , , , , , , , , , , , , , , , 2, , , , 4, 1, 4, 21, , , 12, , , , 4, 8, , , , , , , , , , , , , , , , 
penu, mwp, , , , , , , , , , , , , , , , , , , , , , , , , , , , , , , , , , , , , , , , , , , , , , , , , , , , , , , , , , , , , , , , , , , , , , , , , , , , , , , , , , , , , , , , , , , , , , , , , , , , , , , , , , , , , , , , , , , , , , , , , , , , , , , , , , , , , , , , , , , , , , , , 2, 1, 1, , , , , , , , , , , , , , , , , , , , , , , , , , , , , , , , , , , , , , , , , , , , , , 
afpc, pri, , , , , , , , , , , , , , , , , , , , , , , , , , , , , , , , , , , , , , , , , , , , , , , , , , , , , , , , , 3, , , , , , , , , , , , , , , , , , , , , , , , , , , , , , , , , , , , , , , , , , , , , , , , , , , , , , , , , , , , , , , , , , , , , , , , , , , , , , , , , , , , , , , , , , , , , , , , , , , , , , , , , , , , , , , , , , , , , , , , , , , , , , , , , , , , , , , 
trng, mni, , , , , , , , , , , , , , , , , , , , , , , , , , , , , , , , , , , , , , , , , , , , , , , , , , , , , , , , , , , , , , , , , , , , , , , , , , 2, , , , , , , , , , , , , 1, , 1, 1, , , 1, , , 2, , , , , , , , , 6, , , , , , , , , , , , , , , , , , , , , , 2, , , , 2, , , , , , , , , , , , , , , , , , , , , , , , , , , , , , 1, , , , 1, 4, 4, 21, , , , , , , , , , , 14, , , , , , , 11, , , , , , 
urlc, ene, , , , , , , , , 1, , , , , , , , , , , , , , , , , , , , 2, , , , , , , 2, , , , , , , , , , , , , , 1, , , , , 1, , , , , , 2, , , , , , , , , , , , , 2, , , , , , , , , , , , , 1, , 1, 1, 3, 1, , 1, , , , , , , , , , , 6, , , 1, , 1, , , , 2, , , , , , , , , , , , , 3, , , , 2, , , , , , , , , , , , , , , , , , , , , , , , , , , , , , 1, , , , 1, 4, 4, 21, , , , , , , , , , , 14, , , , , , , 11, , , , , , 
utaz, nhh, , , , , , , , , , , , , , , , , , , , , , , , , , , , , 4, , , , , , , 2, , , , , , , , , , , , , 2, , , , , , , , , , , , 1, , , , , , , , , , , , , 2, , , , , , , , 1, 1, , , , 3, , 2, 2, , 2, 2, 2, 1, 1, 1, , 1, , , , , 1, , 1, 1, 4, 4, 4, , , , 2, , , , , , , , , , , , , 2, , , , , , , , , , , , , , , , , , , , , , , , , , , , , , , , , , 1, , , , 1, 4, 4, 9, 3, , , , , , , , , , , , , , , , , , 1, , 1, 6, 4, 
chib, cma, , , , , , , , , , , , , , , , , , , , , , , , , , , , , , , , , , , , , , , , , , , , , , , , , , , , , , , , , , , , , , , , , , , , , , , , , , , , , , , , , , , , , , , , , , , , , , , , , , , , , , , , , , , , , , , , , , , , , , , , , , , , , , , , , , , , , , , , , , , , , , , , 2, 2, , , , , , , , , , , , , , , , , , , , , , , , , , , , , , , , , , , , , , , , , , , , , , , 
maya, tzs, , , , , , , , , , , , , , , , , , , , , , , , , , , , , , , , , , , , , , , , , , , , , , , , , , , , , , , , , , , , , , , , , , , , , , , , , , , , , , , , , , , , , , , , , , , , , , , , , , , , , , , , , , , , , , , , , , , , , , , , , , , , , , , , , , , , , , , , , , , , , , , , 1, 2, , , , , , , , , , , , , , , , , , , , , , , , , , , , , , , , , , , , , , , , , , , , , , , 
altc, tmi, , , , , , , , , , , , , , , , , , , , , , , , , , , , , , , , , , , , , , , , , , , , , , , , , , , , , , , , , , , , , , , , , , , , , , , , , , , , , , 2, , , , , , , , , , , , , , , , , , , , , , , , , , , , , , , , , , , , , , , , , , , , , , , , , , , , , , , , , , , , , , , , , , , , , , , , , , , , , , , , , , , , , , , , , , , , , , , , , , , , , , , , , , , , , , , , , , 
altc, ttb, , , , , , , , , 2, , , , , , , , , , , , , , , , , , , , , , , , , , , , , , , , , , , , , , , , , , , , , , , , , , , , , , , , , , , , , , , , , , , , , , , , , , , , , , , , , , , , , , , , , , , , , , , , , , , , , , , , , , , , , , , , , , , , , , , , , , , , , , , , , , , , , , , , , , , , , , , , , , , , , , , , , , , , , , , , , , , , , , , , , , , , , , , , , , , , , , , 
altc, tvo, , , , , , , , , 2, , , , , , , , , , , , , , , , , , , , 2, , , , , , , 2, , , 2, 5, 5, , , , , , , , , 1, , , , , 1, , 4, 4, 2, 2, 2, , , , 4, 2, , , , , , , , 2, 1, 1, 1, , 2, 3, , , , , , , 1, , 1, 1, , 1, 1, 1, 1, 1, 2, 1, , , , , , 1, , , 1, 1, 1, 1, , , , 2, , , , , , , , , , , , , , , , , 1, , 2, 2, 1, , , , , , , , , 1, 2, , , , , , , , , , , 1, , , , , , , , , , , , , , , , , , , , , , , , , , , , , , , , , , , , 
aust, bua, 2, 2, 3, 1, 1, 1, 1, 2, , , , 1, 3, 1, 2, 8, 1, 5, 3, 1, , , , , , , , , 5, 2, , , , , , , , , , , , , , , , , , , , , , , , , 2, , , , , , 1, , , , , , , , , , , , , 2, , , , , , , , , , , , , 1, , 1, 1, , 1, , 3, , , , , , , , , , , , , , 1, , 5, , , , , , , , , , , , , , , , , 2, 3, 2, , , , , , , , , , , , , , , , , , , , , , , , , , , , , , , , 1, , , , 1, 4, 4, 21, , , , , , , , , , , 14, , , , , , , 11, , , , , , 
nais, yuc, 5, 2, 4, 2, 2, 1, 6, 4, 3, 1, , 1, , 1, 1, 7, 6, 4, 1, 1, , 5, 1, , 1, 1, 1, 2, 4, 1, 1, 3, , , , 7, , 3, , , 4, 5, , 5, , , 5, 2, , , , 3, 9, 2, 1, , , , 1, , 1, 2, 1, 3, , , , , , , , , , 2, , , , , 1, 2, 3, 1, 1, , , , 1, , 1, 1, , 1, 1, 2, 1, 2, 1, , 1, , , , , , 3, 2, 2, 1, 2, 2, , , 4, 2, 5, 2, 4, , , 2, , , , , , 3, , 1, 7, , 1, , , , , , , , , , , , , , , , , , , , , 1, 1, 1, 1, , , , , , 1, , , , 1, 4, 4, 21, , , , , , , , , , , 14, , , , , , , 11, , , , , , 
asis, ain, 3, 2, 2, 1, 1, 1, 1, 1, 3, 2, , 1, 2, 2, , , , , 1, 1, , , , 3, 4, 1, 5, 2, 4, 2, 1, 3, 1, 1, 1, 2, 4, 3, 1, , , 5, , 5, 2, 2, 1, 6, 2, 1, , 3, 9, 2, 9, 2, 1, 6, 2, 3, 1, 2, 1, 1, 4, , , 1, 2, 2, 4, 2, 4, 2, 4, 2, 4, 2, 2, 3, 2, 3, 2, 4, 5, 3, 1, , 1, 1, , 1, 1, 1, 1, 1, 2, 1, , , , , , , 2, 2, 2, 1, 1, 1, 1, 1, 6, 2, 5, 5, 2, 3, 2, 1, 3, 4, 3, 3, , 2, 2, 1, 7, 1, 1, 5, 1, 1, 1, , , , 1, 1, 1, 1, 1, 1, , , 3, , , , , 1, 1, 1, 1, , , , , , 1, , , , 1, 4, 4, 7, 3, , , , , , , , , , 3, , , , 4, 4, 1, 11, , , , , , 
nsah, brz, , , , , , , , , , , , , , , , , , , , , , , , , , , , , , , , , , , , , , , , , , , , , , , , , , , , , , , , , , , , , , , , , , , , , , , , , , , 1, 1, , , , , , , , , , , , , , , , , , , , , , , , , , , , , , , , , , , , , , , , , , , , , , , , , , , , , , , , , , , , , , , , , , , , , , , , , , , , , , , , , , , , , , , , , , , , , , , , , , , , , , , , , , , , , , , , , , , , 
ebir, sgb, , , , , , , , , , , , , , , , , , , , , , , , , , , , , , , , , , , , 2, , , , , , , , , , , , , , , , , , , , , , , , , 1, , , , , , , , , , , , , , , , , , , , , , , , , , 2, , 1, 2, , 2, 1, 2, 2, 2, 1, , 1, , , , , , , 2, , 4, 4, 4, , , , 2, , , , , , , , , , , , , 2, , , , 1, , , , , , , , , , , , , , , , , , , , , , , , , , , , , , 2, , , , 4, 1, 4, 4, 6, , 4, , , , 4, 8, 7, 1, , , , , , , , , , , , , , 
algi, aho, , , , , , , , , 3, , , , , , , , , , , , , , , , , , , , , , , , , , , , , , , , , , , , , , , , , , , , , , , , , , , , , , , , , , , , , , , , , , , , , , , , , 2, 2, , , , , , , , , , , , , , , , , , , , , , , , , , , , , , , , , , , , , , , , , , , , , , , , , , , , , , , , , , , , , , , , , , , , , , , , , , , , , , , , , , , , , , , , , , , , , , , , , , , , , , , , , , , , , 
wpap, sah, , , , , , , , , , , , , , , 5, 8, 1, , , , , , , , 1, 1, 1, 2, 6, , , , , , , 9, , , , , , , , , , , , 2, , , , 2, , , 9, , , , , , 4, 2, 1, 1, , , , , , , , , , 5, , , , , , , , , , , , , 2, , 1, 2, , 2, 1, 2, 2, 2, 1, , 1, , , , , 3, 6, 2, 1, 4, 4, 4, , , 2, 1, 5, 2, 2, , , 2, , , , , , , 2, , , , 6, , , , , , , , , , , , , , , , 1, , , , , 1, 1, 1, 1, , , , , , 2, , , , 4, 1, 4, 16, , , 13, 5, , , 4, 8, 1, 1, , , , , , , , , , , , , , 
cari, apl, , , , , , , , , , , , , , , , , , , , , , , , , , , , , 4, 1, , , , , , 7, , , 1, 5, 5, , , , 3, 1, , , , , , , , , 9, , , , , , 1, , , , , , 3, 2, , , , , , 2, 1, 1, 4, 2, , , , 3, 4, , , , 7, 5, 3, 1, 5, 1, 1, 2, , 3, , , , , , , , 2, 6, 2, 4, 1, , 2, , , , 2, , , , , , , , , , , , , 1, 2, 1, , 6, 4, 2, 2, 1, 3, , , , , , , , , , , , , , , , , , , , , , , , , 4, , , , 4, 2, 4, 20, , , , , , , , , , , 15, 19, , , 4, 4, 8, 2, , , , , , 9
ncau, drg, , , , , , , , , , , , , , , , , , , , , , , , , , , , , , , , , , , , 2, 6, 7, 2, , , , , , 3, 1, , , , , , , , , 1, , , 2, 1, 3, 4, , , , 6, 2, , , 1, , , , , , , , , 1, , , , , , , , , 1, , 1, 1, , 1, 1, 1, , 1, 2, 1, , , , , , , , , , 1, 1, 1, , , , , , , , 1, , , , , , , , , , , , , , , , , , , , , 1, , , , , , , , , , , , , , , , , , , , , , , , , , , , , , , , , , , , , , , , , , , , , , , , , , , , , 
tucn, mcn, , , , , , , , , , , , , , , , , , , , , , , , , , , , , , , , , , , , , , , , , , , , , , , , , , , , , , , , , , , , , , , , , , , , , , , , , , , , , , , , , , , , , , , , , , , , , , , , , , , , , , , , , , , , , , , , , , , , , , , , , , , , , , , , , , , , , , , , , , , , , , , , 2, 2, , , , , , , , , , , , , , , , , , , , , , , , , , , , , , , , , , , , , , , , , , , , , , , 
macg, max, 1, 2, 1, 1, 1, 1, 1, 1, 3, , , 1, 2, 1, , , , , 6, 1, , , , , , , , , , , , , , , , , , , , , , , , , , , , , , , , , , , , , , , , , 1, , , , , , , , , , , , , , , , , , , , , , , , , , 1, , 1, 1, , 1, , , , , , , , , , , , , 1, , , 1, , , , , , , , , , , 4, , , , , , , , , , , , 1, , , , , , , , , , , , , , , , , , , , , , , , , , , , , , , , , , , , , , , , , , , , , , , , , , , , , , , , , , , , , 
skoo, pok, , , , , , , , , , , , , , , , , , , , , , , , , , , , , 1, , , , , , , 9, , , , , , , , , , , , , , , , , , , 9, , , , , , 4, , , , , , , , , , , , , 5, , , , , , , , , , , , , 7, 1, 1, 3, 6, 4, 1, 2, 2, 2, , , , , , , , 2, 2, 2, , 5, 5, 5, , , , , , , , , , , , , , , , , 2, , , , 1, , , , , , , , , , , , , , , , , , , , , , , , , , , , , , , , , , , , , , , , , , , , , , , , , , , , , , , , , , , , , 
aupc, knq, , , , , , , , , , , , , , , , , , , , , , , , , , , , , , , , , , , , , , , 2, , , , , , , , , , , , , , , , , , , , , , , , , , , , , , , , , , , , , , , , , , , , , , , , , , , , , , , , , , , , , , , , , , , , , , , , , , , , , , , , , , , , , , , , , , , , , , , , , , , , , , , , , , , , , 7, 7, 1, 1, , , , , , , , , , , , , , , , , , , , , , , , , , , , , , , , , , , , , , , , , 
eska, ych, , , , , , , , , , , , , , , 1, 1, 7, 2, , , , , , , , , , , , , , , , , , , , , , , , , , , , , , , , , , , , , , , , , , , , , , , , , , , , , , , , , , , , , , , , , , , , , , , , , , , , , , , , , , , , , , , , , , , , , , , , , , , , , , , , , , , , , , , , , , , , , , , , , , , , , , , , , , , , , , , , , , , , , , , , , , , , , , , , , , , , , , , , , , , , , , , , , , , , , , 
eska, ypk, , , , , , , , , 1, 2, , , , , 1, 1, 7, 2, , , , , , , 3, 3, 3, 2, 2, 3, 2, 3, 1, 1, 1, 2, 6, , 2, 5, 5, 3, , 3, , , 1, 6, , 1, , 1, 6, 6, 1, 2, 5, , , , 2, , , , , , , , , , , , , 2, 1, 1, 1, , 1, 2, 3, 2, 2, 4, 5, 1, 7, , 3, 3, 6, , , 3, , , , , , , , , , , 3, 1, 4, 5, 5, 5, 4, 1, 3, 2, 5, 2, 5, , , 2, 2, 1, 8, 5, , 2, 1, , , , 1, , , , , , , , 4, , 3, 3, , 2, 2, , 3, , , , , , , , , 1, , , , , 4, , , , 4, 2, 4, , , , , , , , , , , , , , , , , , , , , , , , , 
eska, yun, , , , , , , , , , , , , , , 1, 1, 7, 2, , , , , , , , , , , , , , , , , , , , , , , , , , , , , , , , , , , , , , , , , , , , , , , , , , , , , , , , , , , , , , , , , , , , , , , , , , , , , , , , , , , , , , , , , , , , , , , , , , , , , , , , , , , , , , , , , , , , , , , , , , , , , , , , , , , , , , , , , , , , , , , , , , , , , , , , , , , , , , , , , , , , , , , , , , , , , , 
kart, sva, , , , , , , , , , , , , , , , , , , , , , , , , , , , , , , , , , , , , , , , , , , , , , , , , , , , , , , , , , , , , , , , , , , , , , , , , , , 5, 3, , , , , , , , , , , , , , , , , , , , , , , , , , , , , , , , , , , , , , , , , , , , , , , , , , , , , , , , , , , , , , , , , , , , 2, 2, , , , , , , , , , , , , , , , , , , , , , , , , , , , , , , , , , , , , , , , , , , , , , , 
siou, omh, , , , , , , , , , , , , , , , , , , , , , , , , , , , , , , , , , , , , , , , , , , , , , , , , , , , , , , , , , , , , , , , , , , , , , , , , , 2, , , , , , , , 2, 2, , , , 1, , 1, 1, , , 1, 2, 1, 2, , , , , , , , , 2, , , , , 2, , , , , , , , , , , , , , , , , 1, , , , 1, , , , , , , , , , , , , , , , , , , , , , , , , , , , , , 4, , , , 4, 2, 4, 20, , , , , , , , , , , 6, , , , 4, 4, 8, 2, , , , , , 
gulf, ctm, , , , , , , , , , 2, , , , , , , , , , , , , , , 1, 4, 5, 2, 2, , , , , , , 2, 3, 4, , , , , , , , , , , , 1, , , , , 1, , , , 1, , , 1, 1, 1, , , , , , , , , , 2, , , , , , , , 2, 4, , , , 1, , 1, 1, , 1, 1, 2, , 2, 1, , 1, , , , , 2, 2, , 2, 1, 2, 2, , , , , , , , , , , , , , , , , 1, , , , 1, , , , , , , , , , , , , , , , , , , , , 1, 1, 1, 1, , , , , , 4, , , , 4, 2, 4, 20, , , , , , , , , , , 6, , , , 4, 4, 8, 2, , , , , , 
hoka, krk, 4, 2, 3, 1, 1, 1, 1, 1, 3, 1, , 1, , 2, 1, 5, 2, , 1, 1, 1, 5, 1, 5, 1, 1, 1, 2, 4, 1, 1, 2, 1, 1, 1, 2, , 4, , 1, , 3, , 3, , , , 6, 1, 1, 2, 2, 3, 4, 6, 2, , , 1, , 1, 1, 1, 1, , , , , 2, 2, 4, 1, 3, 2, 1, 4, 1, 2, , 3, , 2, 4, , , , 7, , 1, 3, 6, 1, 1, 2, 1, 1, , , , , , , , , , , , 5, 5, 5, 1, 1, 5, 2, 5, 2, 5, , 2, 1, 3, 4, 3, 1, , 2, 6, 2, 3, , , 3, 1, 1, 1, , , , , , , , , 2, 1, 1, 1, , , , , 1, 1, 2, 2, 3, , , , , 14, 2, , , 1, 2, 4, , , , , , , , , , , , , , , , , , , , , , , , , 
toto, tot, , , , , , , , , , , , , , , , , , , , , 1, 5, 1, , , , , , 4, 3, , , 1, 1, 1, 6, , , , 1, , , , , , , 1, 6, , , , 2, , , 9, , , , , , 1, 1, 1, 1, , , , , , , , , , 4, 5, 4, 1, , , , , , , , , , , , , , , , , 3, 1, , , , , , , , , , , , , , , 5, , , 2, , 5, 4, 4, , , 2, , , , , , , , , , , , , 2, 1, 2, , , , , , , , , , , , , , , , , , , , , , , , , , , , , , , , , , , , , , , , , , , , , , , , , , , , , , , , , 
coah, ton, 2, 2, 3, 1, 1, 1, 1, 2, , , , 1, 2, 1, , , , , 1, 1, , , , , 3, 2, 5, 2, 3, , , , , , , 2, , 6, , , , , , , 3, , 1, 6, , 1, , 2, , , 6, , , , 1, , 1, 2, 1, 2, , , , , , , , , , 2, 2, 1, , , , , , 2, 2, , , , 7, 1, 1, 1, 6, 1, 1, 2, 4, , , , , , , , , , 6, , 4, 1, , 2, , , 4, 2, 5, 4, 3, , , 2, , , , , , 2, 1, 1, 7, , 2, , , , , , , , , , , , , , , , , , , , , 1, 1, 1, 1, , , , , , 4, , , , 4, 2, 4, 20, , , 13, 21, , , 4, 8, 2, 4, 15, 15, , , 4, 4, 8, 2, , , , , , 
waka, mak, , 2, 5, 2, 4, 4, 2, 4, 3, , , 1, 3, 1, 1, 1, 2, , 1, 1, , , , , , , , , 1, , , , 1, 1, 1, 8, , 4, 1, , , 3, , 3, 2, 1, , 6, 1, 3, , 1, 1, 1, 9, , , , , , 4, , , , , , 8, , , 1, 4, 2, 4, 2, 1, 3, 4, 2, 2, , , 3, 2, 4, 5, 1, 3, , 2, 2, 1, 4, 3, 3, 1, 3, 7, 2, 2, , , , , 1, 3, 1, , 5, 5, 5, , , 2, 3, 5, 3, 5, 2, , 2, 3, 4, 8, 5, , 2, , 2, 1, , 1, , , , , , , , 4, , , , , , , , , , , , , , , , , , , , , , 1, , , , 1, 4, 4, 9, 3, , , , , , , , , , , , , , , , , , 1, , 1, 6, 4, 
cais, tol, 3, 2, 3, 1, 1, 1, 2, 2, , , , 1, 2, 1, 1, 3, 3, , 1, 1, , , , , , , , , , , , , 1, 1, 1, , , 4, , , , , , , , , , 6, , , , 2, , , , , , , 1, , , , , , , , , , , , , , , , , , , , , , , , , , , , , , , , , , , , , , , , , , , , , , , , , , , , , , 2, , 5, 3, 3, , , 2, , , , , , , , 1, 7, , , , , , , , , , , , , , , 2, 2, , , 5, 2, 2, 1, , , , , , , , , , 1, , , , 1, 4, 4, , , , , , , , , , , , , , , , , , , , , , , , , 
mgua, abi, 5, 2, 3, 1, 1, 4, 1, 2, 3, 2, , 1, 3, , , , , , 1, 1, 1, 5, 1, , , , , , 2, , 1, 2, , , , 2, , 4, , , , 3, , 2, , , , 6, , , , 2, 1, 1, 9, , , , , , 3, , , , , , , , , 2, 4, 2, 4, 2, , , , , , , , 1, 1, , , , 2, , 1, 2, 1, 2, 3, 3, 1, , 1, , 1, , , , , 1, , 1, 1, 4, 4, 5, 1, 1, 2, , 5, 3, 2, , , 2, , , , , , 2, 2, 3, 3, , , , , , , 3, , , , , , , , 2, 2, , , , , , , , , , , , , , , , 1, , , , 1, 4, 4, 21, , , 11, , , , , , 7, 4, , , , , , , , , , , , , , 
guah, mcg, , , , , , , , , , , , , , , , , , , , , , , , , , , , , , , , , , , , , , , , , , , , , , , , , , , , , , , , , , , , , , , , , , , , , , , , , , , , , , , , , , , , , , , , , , , , , , , , , , , , , , , , , , , , , , , , , , , , , , , , , , , , , , , , , , , , , , , , , , , , , , , , 2, 2, , , , , , , , , , , , , , , , , , , , , , , , , , , , , , , , , , , , , , , , , , , , , , , 
sepr, yim, 1, 1, 4, 1, 1, 1, 1, 2, 1, 2, , 1, 2, 1, 2, 8, 1, 1, 3, 1, , , , , 1, 2, 5, 2, 4, 1, 1, 2, 5, 2, 3, 2, 6, 4, , 5, 5, 3, , 3, 3, 1, 2, 6, 1, , 1, 3, 9, 4, 1, , 6, 1, 1, 1, , 2, 1, 1, 6, 2, 2, , 3, , , , , 2, 1, 4, 1, 2, 1, 2, 1, 1, 1, 1, 5, 1, , , 1, 1, 6, 1, 1, 3, 2, , , , , , , , , , , , , 1, , 5, 1, 1, 6, 2, 5, 2, 4, 1, , 2, 3, 4, 3, 4, 3, 4, 1, 2, 5, , , 4, 3, 1, 1, , 4, , 1, 3, 2, 1, , , , , 3, , , , , 3, 2, 1, 2, , , , , , 3, , , , 2, 4, 4, 20, , , , , , , , , , , 20, , , , , , , , , , , , , 
kita, twn, 4, 2, 3, 2, 2, 1, 2, 4, 3, , , 1, , 2, , , , , 1, 1, , , , , , , , , 4, , , , , , , 2, , , , , , , , , 3, , , , , , , , , , 1, , , , , , 1, , , , , , , , , , , , , 2, , , , , , , , 2, 2, , , , 7, 1, 1, 3, 6, , , , , , , , , , , , , , , , , 5, 5, 5, , , , , , , , , , , , , , , , , 1, , , , , , , , , , , , , , , , , 2, 2, , , , , , , , , , , , , , , , 3, , , , 2, 4, 4, 20, , , 13, 20, , , 4, 2, 7, 4, 15, 14, , , 4, 4, 2, 11, , , , , , 
geba, skr, , , , , , , , , , , , , , , 1, 5, 5, 5, , , , , , , , , , , , , , , , , , , , , , , , , , , , , , , , , , , , , , , , , , , , , , , , , , , , , , , , 2, , , , , , , , , , , , , , , 1, 1, , , , , , , 1, , 1, , , , , , , , , , 2, , , , , , , , , , , , , , , , , , , , , , , , , , , , , , , , , , , , , , , , , , , , , , , , , , , , , , , , , , , , , , , , , , , , , , , , , , , , , , , , , , , 
wita, hmi, , , , , , , , , , , , , , , , , , , , , , , , , , , , , 2, , 4, 3, , , , 2, , 5, , 5, 5, , , , , , , , , , , 3, 6, 2, 1, , , , , , , , , , , , , , , , , , , 2, 1, , , , 1, , , , , , , , 1, , 1, 1, 3, , , 1, 1, 1, , , , , , , , 1, 6, 1, 2, , , 1, , , , 2, , , , , , , , , , , , 2, 1, , , , 6, , , , , , , , , , , , , 2, 2, , , , , , , , , , , , , , , , 4, , , , 4, 2, 4, 20, , , , , , , , , , , 6, , , , 4, 4, 8, 2, , , , , , 
wita, htt, , , , , , , , , 2, , , , , , , , , , , , , , , , , , , , , , , , , , , , , , , , , , , , , , , , , , , , , , , , , , , , , , , , , , , , , , , , , , , 2, , , , , , 1, 1, , , , , , , , , , , , , , , , , , , , , , , , , , , , , , , , , , , , , , , , , , , , , , , , , , , , , , , , , , , , , , , , , , , , , , , , , , , , , , , , , , , , , , , , , , , , , , , , , , , , , , , , , , , , , 
choc, epe, 2, 3, 2, 2, 2, 1, 1, 1, 3, 1, , 1, 2, 1, 1, 3, 2, , 4, 1, 1, 1, 1, 3, 2, 4, 5, 2, 2, 1, 4, 1, 1, 1, 1, 8, 3, 4, , 1, 4, 3, , 1, 2, 3, 1, 6, , , , 2, 8, 2, 6, , , , 1, 1, 4, 1, 1, 1, 6, 7, , , , , , , , 2, 1, 2, 4, 2, , 2, , 2, 4, , , , 1, , 1, 1, 5, 1, 1, 2, 1, 2, 3, , , 1, , , , , 6, 1, 5, 1, 5, 2, 4, 4, 1, 5, 1, 1, 1, 1, , 2, 3, 4, 5, 4, 1, 2, 1, 2, 5, 1, 2, , 1, 1, 2, , 2, 2, 1, 3, 1, 1, 1, , , , , , , , , , , , , , , , , , 4, , , , 4, 2, 4, 20, , , , , , , , , , , 6, , , , 4, 4, 8, 2, , , , , , 
maku, daw, , , , , , , , , , , , , , , , , , , , , , , , , , , , , , , , , , , , 8, , , , , , , , , , , , , , , , , , , 6, , , , , , , , , , , , , , , , , , , 2, , , , , , , , , , , , , 1, , 1, 1, , 1, 1, 2, 1, 1, , , , , , , , , , 1, , 1, , 2, , , , , , , , , , , , , , , , , , , , , , , , , , , , , , , , , , , , , , , , , , , , , , , , , , , , , , , , , , , , , , , , , , , , , , , , , , , , , , , , , , 
kwba, bio, , , , , , , , , , , , , , , , , , , , , , , , , , , , , 2, , , , , , , , , , , , , , , , , , , , , , , , , , 1, , , , , , 4, , , , , , , , , , , , , 2, , , , , , , , , , , , , , , 1, 1, , , 1, 3, , 3, 1, , 1, , , , , , , , , , 2, 5, , , , 2, , , , , , , , , , , , , 1, , , , , , , , , , , , , , , , , , , , , , , , , , , , , , , , , , 4, , , , 4, 2, 4, 20, , , , , , , , , , , 21, , , , , , , , , , , , , 
mizo, mco, , , , , , , , , , , , , , , , , , , , , , , , , , , , , , , , , , , , 7, , , , , , , , , , , , , , , , , , , , , , , , , 1, , , , , , , , , , , , , 2, , , , , , , , , , , , , , , , , , 2, 1, 1, 1, 1, 1, , 1, , , , , 1, 5, , 1, , 5, , , , , , , , , , , , , , , , , , 2, , , , 1, , , , , , , , , , , , , 2, 2, , , , , , , 1, , 2, , , , , , , 1, , , , 1, 4, 4, , , , , , , , , , , , , , , , , , , , , , , , , 
mura, prh, 2, 1, 2, 2, 1, 1, 1, 1, 3, 2, , 1, 1, 2, 1, 4, 7, , 4, 1, 1, 5, 1, 5, 4, 4, 4, 1, 2, 3, 1, 1, 4, 2, 2, 9, 1, 2, , 5, 5, 1, , 1, 2, 1, 3, 2, 1, 4, 2, 2, 9, 2, 1, 2, , , 1, , , 2, 1, 1, , , 1, , 1, 1, 4, 2, 4, 2, 5, , 1, 2, , 2, , 3, 2, 4, 5, 1, 1, , 1, 1, 3, 1, 1, 2, 2, 2, , , , , , , , , 2, 2, , 1, , 2, 1, 1, 2, , 5, 2, 2, 2, 1, 2, 3, 4, 8, 5, 2, 2, 1, 1, 7, , 3, 5, , , , 3, 2, 5, 4, 2, 1, 1, 1, , , , 6, 3, 1, 2, 2, 1, 1, 1, 1, , , , , 3, 4, , , , 4, 2, 4, 20, , , , , , , , , , , 6, , , , 4, 4, 8, 2, , , , , , 
cadd, akr, , , , , , , , , , , , , , , , , , , , , , , , , , , , , , , , , , , , , , , , , , , , , , , , , , , , , , , , , , , , , , , , , , , , , , , , , , , , , , , , , , 2, 2, , , , , , , , , , , , , , , , , , , , , , , , , , , , , , , , , , , , , , , , , , , , , , , , , , , , , , , , , , , , , 2, 2, , , , , , , , , , , , , , , , , , , , , , , , , , , , , , , , , , , , , , , , , , , , , , , 
yuki, wap, 4, 2, 4, 2, 2, 1, 6, 2, 3, , , 1, , 1, , , , , 1, 1, , , , , , , , , 2, 3, , , , , , 2, , , , 2, , , , , , , , 6, , , , 2, , , 1, , , , 1, , 1, 1, 1, 1, , , , 1, , , , , , 2, 1, 1, , , , , , , , , , , 1, , 1, 1, , , 1, 2, 1, 2, 3, , , 1, , , , , 6, 2, 5, , 5, 2, , , 1, , 1, 1, 1, , , 1, , , , , , , 1, , , , 2, 5, 1, 1, 1, , , , , , , , , 2, 2, , , , , , , 1, 1, 1, 2, , , , , , 4, , , , 4, 2, 4, 20, , , , , , , , , , , 6, , , , 4, 4, 8, 2, , , , , , 
katk, cnm, , , , , , , , , , , , , , , , , , , , , , , , , , , , , 4, , , , , , , 7, , , , , , , , , , , , , , , , , , , 9, , , , , , 1, , , , , , , , , , , , , 2, , , , , , , , , , , , , , , , , , 1, 1, 2, 1, 3, 1, , 1, , , , , 2, , 1, , , 5, , , , , , , , , , , , , , , , , , 1, 1, 7, , 1, , , , , , , , , , , , , , , , , , , , , , , , , , , , , , 4, , , , 4, 2, 4, , , , , , , , , , , , , , , , , , , , , , , , , 
saso, ito, 3, 2, 3, 2, 4, 1, 2, 2, 3, , , 1, 2, , , , , , 1, 1, , , , , , , , , , , , , , , , 2, , , , , , , , , , , , , , , , , , , , , , , , , 1, , , , , , , , , , , , , 4, , , , , , , , 2, 4, , , , 2, , 1, 2, , , 3, 3, 1, , , , , , , , , , 6, , , , , 5, , , , 2, , , , , , , , , , , , , , , , , 2, , , , , , , , , , , , , , , , , , , , , , , , , , , , , , , , , , , , , , , , , , , , , , , , , , , , , , , , , , , , , 
yuka, yko, 3, 2, 3, 2, 2, 4, 1, 2, 1, 2, , 4, 2, 1, 1, 5, 4, , 1, 1, , , , , 2, 4, 5, 2, 2, 3, 2, 2, 1, 1, 1, 2, , 7, 2, 5, 5, 3, , 3, 2, 2, 1, 6, 1, 1, , 2, 7, 3, 1, 2, 6, 1, 1, , 2, 2, 1, 2, 6, 4, 2, 1, 2, 2, 4, 1, 4, 2, 1, 2, 1, 2, 2, 2, 3, 2, 2, 4, 5, 1, 1, , 1, 1, , 1, 1, 1, 1, 1, 2, 1, , , 6, , , , 6, 2, 2, 1, 1, 1, 2, 2, 2, 2, 2, 2, 1, 1, 2, 2, , , , , , 2, 1, 3, 3, 1, 6, 4, 1, 1, 1, , 4, 5, 1, 3, 3, 3, 2, , , , 1, , , , , 2, 2, 1, 1, , , , , 3, 3, , , , 2, 4, 4, 20, , , , , , , , , , , 5, , , , 4, 4, 2, 11, , , , , , 
iroq, cyg, , , , , , , , , , , , , , , 1, 4, 7, 2, , , , , , , , , , , , , , , , , , , , , , , , , , , , , , , , , , , , , , , , , , , , , , , , , , , 2, , , , , , , , , , , , , , , , , , , , , , , , , , , , , , , , , , , , , , , , , , , , , , , , , , , , , , , , , , , , , , , , , , , , , , , , , , , , , , , , , , , , , , , , , , , , , , , , , , , , , , , , , , , , , , , , , , , , , , , , , , , 
yeos, ket, 2, 3, 2, 2, 5, 2, 1, 3, 2, 2, , 1, 3, 1, , , , , 1, 1, 1, 5, 2, 2, 1, 1, 1, 2, 5, , 4, 2, 3, 2, 2, 2, 6, 6, , 5, 5, 3, , 3, 3, 3, , 6, , 1, 2, 4, 8, 2, 1, 1, 5, 4, , , 1, 2, 1, 1, , , 7, 1, 1, 1, 4, 2, 4, 1, 1, 2, 4, 2, 2, 3, 3, 1, 1, 4, 5, 3, 1, , 1, 1, , 1, 1, 1, 1, 1, , , , , , , , 1, , 2, , 1, , 1, 1, 1, 4, , 5, 2, 2, 2, , 1, 3, 4, 8, 5, , 2, , 1, 7, 1, 1, 1, 2, 1, 1, , , , 1, , , , , , , , 1, , , , , 1, 2, 1, 1, 3, , , , 3, 1, , , , 1, 4, 4, 7, 3, , , , , , , , , , 3, , , , 4, 4, 1, 11, , , , , , 
