"Austronesian","Sulawesi",,,tvl,,,,,,,,,,,,,,,,,,,,,,,,,,,,,,,,,1,1,1,7,6,5,3,1,1,,,,3,1,3,,,2,,,1,1,9,,,5,2,,,,,,,,6,,2,,,,,5,2,,,,2,3,3,,,,,,5,,2,1,,2,2,2,2,1,1,,1,,,,,,6,3,,2,2,2,,,,,,,,,,,3,4,8,5,3,2,,,,4,6,,,,,1,,,,3,2,2,1,,,,,,,,,,,,,,,,,,1,,,,1,4,4,13,3,,,,,,,,,,,,,,,,,,,,,,,1
"Austronesian","Sulawesi",,,ttn,1,2,3,2,4,1,1,2,,,,1,3,1,,,,,1,1,,,,,,,,,1,,,,,,,7,4,,,1,2,,,,,,,,2,,,,,,9,,,2,2,,4,,,,,,,,1,,,,,5,5,2,,,,,,,,,,,2,,1,2,1,2,1,2,2,2,1,,1,,,,,2,2,2,1,4,4,4,,,,,,,,4,,,,,,,,,2,,,1,1,,,,,,,,2,,,,,,,,,,,,,,,,,,,,,,1,,,,1,4,4,2,3,,2,,,,4,1,7,4,,,,,,,,,,,,,,
"Austronesian","Sulawesi",,,tgk,1,2,2,2,1,1,1,5,,,,1,2,1,2,8,1,5,1,1,,,,,,,,,1,1,,,,,,7,,,,1,1,,,,,,,6,,,,3,,,9,1,,,,,2,,,,,,,1,,,,,,5,,,,,,,,,,,,,2,,1,2,1,2,2,2,2,1,1,,1,,,,,2,2,2,1,4,4,4,,,2,4,3,1,1,,,2,,,,,,4,4,,,,1,5,1,1,2,,,,,,,,,,,,,,,,,,,,,,,,,,1,,,,1,4,4,2,3,,2,,,,4,1,7,4,,,,,,,,,,,,,,
"Austronesian","Sulawesi",,,tag,3,2,3,2,2,1,1,2,1,2,,1,2,1,6,8,6,1,1,1,1,3,1,2,3,5,5,2,1,1,1,1,2,2,2,7,4,4,3,,,5,,1,3,1,1,6,3,5,2,1,1,3,,2,6,7,1,3,,2,1,1,4,2,2,1,1,1,4,1,4,1,1,2,4,1,1,3,1,2,4,4,5,1,3,,2,2,,,2,3,6,1,1,,1,6,,,,,3,1,1,,4,5,1,1,1,,1,1,1,4,2,2,3,4,3,3,2,2,2,1,7,1,1,3,1,1,1,,4,5,1,3,2,2,1,2,2,,1,,,,,1,1,1,2,1,,,,3,1,,,,1,4,4,9,3,,,,,,,,,,,,,,,,,,1,,1,6,4,
"Austronesian","Sulawesi",,,sun,,,,,,,,,,,,,,,1,3,5,,,,,,,,,,,,1,1,,,,,,5,4,,,,4,,,,,,,6,,,,2,,,9,,,,,,,,,,,,,,1,2,4,2,2,5,,,,,,,,,,,,,2,,1,2,,2,2,2,2,1,1,,1,,,,,3,1,2,1,4,4,4,,,1,,1,1,1,4,,1,,,,,,2,4,,,,1,,1,1,2,,,,1,,,,,,,,,,,,,,,,,2,,,,,1,,,,1,4,4,2,3,,2,,,,4,1,7,4,,,,,,,,,,,,,,
"Austronesian","Sulawesi",,,ruk,3,1,4,4,2,1,1,2,,,,1,2,1,,,,,1,5,,,,,,,,,4,1,,,,,,1,,,,,,,,,,,,,,,,,,,9,,,,1,,2,,,,,,,,,1,1,1,3,1,,,,,,,,,,,,,7,2,2,2,,2,2,3,1,1,7,2,2,,,,,1,6,2,,4,5,5,,,,2,,,,,,,,,,,,2,3,,,,6,,,,,,,,,,,,,,,,,,,,,,,,,,,,,,1,,,,1,4,4,16,3,,,,,,,,,,,,,,,,,,5,,1,6,4,
"Austronesian","Sulawesi",,,poh,1,3,1,1,1,1,1,2,,,,1,3,1,,,,,1,1,,,,,,,,,3,1,,,,,,9,,,,,1,,,,3,2,1,,3,,,,,,9,,,,3,,2,2,4,2,,,,,,,,,,4,,,,,,,,1,1,,,,2,,1,2,1,2,3,2,2,2,1,,1,,,,,3,6,3,1,4,4,4,,,,,,,,,,,,,,,,,2,,,,6,,,,,,,,,,,,,1,2,,1,,,,,,,,,2,,,,,1,,,,1,4,4,2,3,,2,,,,4,1,7,4,,,,,,,,,,,,,,
"Austronesian","Sulawesi",,,pal,,,,,,,,,,,,,,,,,,,,,,,,,,,,,5,,,,1,1,1,1,3,,,5,5,,,,,,2,6,,2,,2,1,1,9,2,6,,,,2,,,,,,,2,1,,,,,1,5,1,1,2,,,,,,,,,2,,1,2,1,2,2,1,1,1,1,,1,,,,,1,6,2,1,4,4,3,,,2,,5,2,2,3,,1,,,,,,2,2,,,,4,3,,,,1,,,1,,,,,1,2,,,,,,,,,,,,,,,,1,,,,1,4,4,2,3,,2,,,,4,1,7,4,,,,,,,,,,,,,,
"Austronesian","Sulawesi",,,mok,,,,,,,,,,,,,,,,,,,,,,,,,,,,,3,1,,,1,1,1,8,6,5,,2,1,,,,3,,1,,,,,,1,1,9,1,,,3,,2,,,,,,,1,,,,,,4,5,2,1,2,2,1,3,,,4,5,1,2,,3,2,,2,3,2,2,2,1,,1,,,,,1,1,1,1,4,4,4,,,,5,,,,,,,,,,,,,2,,,,1,3,1,1,2,,,,,3,1,1,,1,2,,,,,,,,,,,,,,,,1,,,,1,4,4,2,3,,2,,,,4,1,7,4,,,,,,,,,,,,,,
"Austronesian","Sulawesi",,,mal,3,1,5,4,2,1,1,2,1,2,,1,2,1,6,8,1,5,1,1,1,1,1,3,2,5,5,2,1,1,1,3,1,1,1,9,,4,1,1,4,5,,1,5,1,,6,1,2,1,3,1,3,7,,6,6,1,3,4,2,1,1,4,5,,1,,1,4,2,4,1,4,4,1,2,2,3,3,1,1,4,5,1,4,,2,2,1,2,2,2,5,2,1,,1,,,,,,5,1,1,4,4,4,2,2,1,1,1,1,1,,2,1,3,4,3,3,2,2,2,1,7,,1,5,1,1,1,4,4,5,,1,1,1,,2,2,,1,,,,,1,1,1,1,2,,,,2,1,,,,1,4,4,12,3,,,,,,,,,,,,,,,,,,4,,1,6,4,
"Austronesian","Sulawesi",,,kwa,2,2,3,1,1,1,1,2,,,,1,1,1,6,8,1,,1,1,,,,,,,,,,,,,,,,7,4,4,,,,,,,2,,,,,,,,,,,,,,,,,,,,,,,1,1,,,,,,5,4,2,2,,,,,,,,,2,,1,2,1,2,,2,2,1,,,,,,,,,,,,4,,4,,,,4,,,,1,,,,,,,,2,2,,,,,,1,1,2,,,,2,,,,,1,2,,,,,,,,,,,,,,,,1,,,,1,4,4,2,3,,2,,,,4,1,7,4,,,,,,,,,,,,,,
"Austronesian","Sulawesi",,,kos,,,,,,,,,,,,,,,,,,,,,,,,,,,,,1,,,,,,,,,5,,1,4,,,,3,1,1,6,2,,,3,1,1,9,,,,3,,2,,,,,,,,,,,,,5,,,,,,,,,,,,,2,,1,2,1,2,2,2,2,2,1,,1,,,,,1,1,2,1,4,4,4,,,2,,5,2,2,,,1,,,,,,2,2,,,,1,,,,,,,,,,,,,1,2,,,,,,,,,,,2,,,,,1,,,,1,4,4,2,3,,2,,,,4,1,7,4,,,,,,,,,,,,,,
"Austronesian","Sulawesi",,,ind,3,2,3,4,2,1,1,2,1,2,,1,3,1,6,8,1,1,1,1,2,5,1,3,4,4,4,1,2,2,1,1,1,1,1,5,4,4,3,2,4,5,,1,2,1,1,6,4,2,1,2,1,1,9,3,5,1,2,3,4,2,1,1,1,5,3,2,1,2,4,2,2,2,5,2,4,2,1,3,3,1,1,4,5,1,2,,1,2,1,2,2,2,2,1,1,,1,,,,,1,5,3,1,4,4,4,1,1,2,1,3,2,1,4,2,1,3,4,2,4,1,2,4,1,7,1,1,3,1,1,2,,4,4,1,1,1,1,1,2,2,,1,,,,,1,1,1,2,2,,,,,1,,,,1,4,4,2,3,,2,,,,4,1,7,4,,,,,,,,,,,,,,
"Austronesian","Sulawesi",,,haw,1,2,1,1,1,1,1,2,,,,1,1,1,6,8,2,1,3,1,,,,,,,,,1,1,,,1,1,1,7,,5,3,1,1,,,,3,1,3,,1,,,,,,9,3,5,3,1,,4,,,,,,,,1,1,4,2,4,,5,2,1,,2,3,2,,,,,,3,,2,2,,2,2,2,1,1,1,,1,,,,,2,,2,1,4,4,4,,,,5,,,,,,,,,,,,2,2,,,,,,,,,,,,,,,,,1,1,3,,,,,,,,,,3,,,,,1,,,,1,4,4,9,3,,,,,,,,,,,,,,,,,,1,,1,6,4,
"Austronesian","Sulawesi",,,err,,,,,,,,,,,,,,,,,,,,,,,,,,,,,,2,,,1,1,1,7,6,4,,,1,,,,,,4,6,,2,,3,,,,,,4,1,,,,,,,,,,1,,,,,,1,1,4,,,,,,,,,,2,,1,2,,2,2,2,2,2,1,,1,,,,,,1,2,,4,4,4,,,2,2,5,2,2,3,,2,,,,,,,1,,,,1,,,,,,,,1,3,1,,1,,,,,,,,,,,,,,,,,,3,,,,2,4,4,20,,,5,,,,4,2,7,4,,,,,,,,,,,,,,
"Austronesian","Sulawesi",,,cha,3,2,3,2,2,1,1,2,1,2,,1,2,1,1,4,3,4,1,1,7,5,2,4,2,1,5,2,1,1,1,3,1,1,1,7,2,4,1,1,,5,,1,3,1,1,6,1,,1,3,1,1,,,6,7,1,,2,2,3,1,6,2,5,2,1,1,4,2,4,,,2,4,2,1,3,2,2,4,1,5,1,3,,2,2,,2,2,1,1,1,1,,1,,,,,1,1,3,1,4,4,3,1,4,3,,2,2,1,3,2,1,2,2,1,4,2,2,2,1,7,2,1,,1,1,1,,4,4,1,,1,1,,1,2,,1,,,,,1,1,1,2,1,,,,,1,,,,1,4,4,9,3,,,,,,,,,,,,,,,,,,1,,1,6,4,
"Austronesian","Sulawesi",,,bkr,2,3,2,2,2,1,1,2,1,2,,1,2,1,1,3,7,,1,1,,,,,,,,,2,,1,3,1,1,1,5,,4,,3,4,5,,1,,,,6,,,2,2,1,1,9,,,1,2,2,2,,,,5,5,,2,1,,,,,2,4,2,1,2,1,3,3,1,1,,,,7,3,3,2,1,2,2,2,2,1,1,,1,,,,,1,3,1,1,4,4,4,1,1,2,6,3,2,1,,,2,3,4,,,2,2,4,1,7,1,1,,,,,,4,5,,1,1,1,1,,,,1,,,,,,,,,,,,,,1,,,,1,4,4,16,3,,13,10,,,4,1,7,4,,,,,,,,,14,,1,6,4,
"Austronesian","Sulawesi",,,mna,,,,,,,,,,,,,,,6,8,1,1,,,,,,,,,,,4,,,,,,,2,,4,3,,,,,,,,,6,,,,2,,,9,,,,,,2,,,,,,,,,,,,,1,1,2,4,,2,3,3,,,,,,2,,2,2,,2,2,2,2,1,1,,1,,,,,2,6,2,5,4,4,4,,,2,2,5,2,2,,,2,,,,,,2,2,,,,6,,,,,3,4,4,,1,1,1,1,,,,,,,,,,,,,,,,,,1,,,,1,4,4,2,3,,2,,,,4,1,7,4,,,,,,,,,,,,,,
"Austronesian","Sulawesi",,,ace,,,,,,,,,,,,,,,7,8,5,1,,,,,,,1,1,1,2,1,,,,,,,9,1,,,5,5,,,,3,1,,6,,1,,2,,,9,,,,,,4,,,,,,,2,1,,,,,5,5,2,,,2,1,2,,,,,,7,,3,3,6,2,2,2,2,1,1,,1,,,,,3,5,3,1,5,5,5,,,4,,5,5,2,4,,2,,,,,,2,,,,1,1,3,1,1,2,,4,4,1,1,1,1,1,,,,,,,,,1,1,1,1,2,,,,,1,,,,1,4,4,,,,,,,,,,,,,,,,,,,,,,,,,
"Austronesian","Sulawesi",,,bto,2,2,3,2,2,1,1,2,,,,1,,1,6,8,1,1,1,1,,,,,,,,,4,,,,,,,7,,,,5,5,,,,,,,,2,,,,,,9,,,,,,2,,,,,,,,,,,,,,,,,,,3,,,,,,,4,,2,2,1,2,2,2,2,3,1,,1,,,,,1,,2,1,4,4,4,,,,,,,,,,,,,,,,,2,,,,,3,1,1,1,4,,,,,,,,,,,,,,,,,,,,,,,,,1,,,,1,4,4,12,3,,,,,,,,,,,,,,,,,,4,,1,6,4,
"Austronesian","Sulawesi",,,dre,4,3,3,4,2,1,1,2,1,2,,1,2,1,2,8,1,1,1,5,,,,,,,,,1,1,1,1,,,,7,,5,,1,,5,,1,2,1,,2,,,2,2,1,1,9,2,6,,1,,2,2,1,2,,,,,2,,,,,5,5,4,4,2,2,3,3,1,1,,,,7,4,3,2,,2,2,2,2,1,1,,1,,,,,2,1,2,1,4,4,4,6,6,1,1,1,1,1,4,,1,,,,,,2,4,1,7,,1,,,,,,,,1,1,1,1,1,2,2,,3,,,,,,,,,,,,,,1,,,,1,4,4,16,3,,13,12,,,1,8,7,4,,,,,,,,,16,,1,6,4,
"Austronesian","Sulawesi",,,fij,3,2,3,1,1,1,1,2,1,2,,1,1,1,1,3,2,1,1,5,2,5,1,4,1,1,1,2,1,2,2,1,1,1,1,,,5,,5,5,5,,1,3,1,1,6,2,,2,4,1,1,9,2,6,3,1,,2,2,3,1,4,,,2,2,2,1,2,2,5,5,2,3,2,2,3,3,1,1,4,5,1,7,2,2,2,6,2,2,2,2,1,1,,1,,,,,3,6,2,1,4,4,4,1,,2,4,5,2,2,1,2,1,3,4,7,2,2,2,,2,1,,6,1,1,1,1,,4,,5,1,1,1,1,2,2,,1,,,,,1,1,1,2,,,,,,1,,,,1,4,4,16,3,,,,,,,,,,,,,,,,,,5,,1,6,4,
"Austronesian","Sulawesi",,,iaa,5,3,3,4,2,1,1,3,,,,2,2,1,2,8,1,1,1,5,,,,,,,,,1,1,,,1,1,1,7,,,,1,1,,,,,,,,,,,,1,1,9,,,,1,,2,,,,,,,,,,,,,5,5,1,4,2,,,,,,,,,2,,2,2,1,2,2,1,2,1,1,,1,,,,,2,1,1,1,4,4,3,,,,4,,,,,,,,,,,,2,4,,,,1,,1,1,1,,,,,,,,,,,,,,,,,,,,,,,,,,1,,,,1,4,4,2,3,,2,,,,4,1,7,4,,,,,,,,,,,,,,
"Austronesian","Sulawesi",,,klv,3,2,3,2,2,1,1,2,3,2,,1,2,1,1,3,4,,1,1,,,,,,,,,5,1,1,3,1,1,1,6,,4,,5,5,5,,5,3,1,4,3,1,4,,3,1,1,9,2,8,1,3,,2,,,,,,8,,,,,,,1,5,2,1,2,1,2,3,1,1,4,5,1,7,4,2,2,,2,1,2,2,1,1,,1,,,,,,6,1,1,4,4,4,1,,2,2,5,2,2,3,,2,3,4,8,5,1,1,2,1,7,1,6,3,1,1,2,,4,4,2,1,1,1,,,,,1,,,,,,,,,,,,,2,1,,,,1,4,4,21,,,13,27,,,,,7,4,,,,,,,,,20,,1,6,4,
"Austronesian","Sulawesi",,,krb,1,2,1,1,1,1,1,1,1,2,,1,2,1,,,,,3,1,,,,,,,,,4,1,1,1,,,,6,,4,3,,,3,,1,,,1,6,,,,4,1,1,9,,,3,3,,2,,,,,,,,2,,,,,1,1,2,4,2,2,3,,1,1,,,,4,,2,2,1,2,2,2,2,1,1,,1,,,,,2,,2,1,4,4,4,1,,2,4,5,2,2,2,,1,,,,,2,2,4,,,,,,,,,,,,1,,1,1,,,,,1,,,,,,,,,,,,,,1,,,,1,4,4,12,3,,,,,,,,,,,,,,,,,,4,,1,6,4,
"Austronesian","Sulawesi",,,len,2,2,2,1,1,1,1,2,,,,1,2,1,6,8,1,1,1,1,,,,,,,,,5,,,,,,,7,,,,4,2,,,,,,,,,,,,,,9,,,,,,2,,,,,,,,,,,,,1,,,,,,,,,,,,,2,,1,2,1,2,2,2,2,2,1,,1,,,,,2,2,2,1,4,4,4,,,,2,,,,,,,,,,,,,6,,,,1,,1,1,2,,,,,,,,,1,2,,,,,,,,,,,,,,,,14,3,,,2,1,4,18,4,,14,,7,,4,6,5,4,,,,,,,,,,,,,,
"Austronesian","Sulawesi",,,mao,1,2,1,1,1,1,1,1,1,2,,1,1,1,1,5,2,,1,1,7,1,1,,2,2,2,2,1,1,1,1,1,1,1,7,6,5,3,1,1,5,,1,3,1,3,6,1,4,2,2,1,1,9,2,4,3,,1,4,2,1,1,4,,6,2,2,2,1,2,3,5,5,4,1,2,2,3,3,1,1,4,5,1,3,,2,2,1,2,2,2,6,2,1,,1,,,,,2,6,2,1,4,4,4,2,2,1,5,1,1,1,1,,1,3,4,8,5,2,2,4,2,1,1,6,2,3,1,2,3,4,4,1,3,2,1,,1,2,,1,,,,,,,,,2,,,,,1,,,,1,4,4,1,1,1,8,,,,1,8,7,4,,,,,,,,,,,,,,
"Austronesian","Sulawesi",,,pai,3,1,4,4,2,2,1,3,1,2,,1,2,1,6,8,1,5,1,1,7,3,1,3,3,3,3,2,4,1,4,3,1,1,1,,,4,,,,5,,1,2,1,,6,1,,,2,1,3,9,2,4,,,,,2,1,1,,,,,2,2,4,2,3,4,4,4,4,2,1,2,3,2,2,,,,7,2,2,2,,2,2,2,1,2,1,,1,,,,,,6,1,1,4,4,4,,,1,2,1,1,1,4,,2,2,1,3,3,,2,2,3,3,1,6,,1,1,1,,4,,,1,1,1,,,,,1,,,,,1,1,1,1,,,,,,1,,,,1,4,4,16,3,,,,,,,,,,,,,,,,,,5,,1,6,4,
"Austronesian","Sulawesi",,,pms,2,2,3,1,1,1,1,2,1,2,,1,2,1,5,8,1,,1,1,,,,,,,,,5,1,1,3,,,,7,,5,,1,4,5,,5,,,2,6,,2,,3,1,1,9,,,,,,2,1,3,3,,,7,,2,,,,,1,1,4,4,2,,2,,1,1,,,,2,,1,2,,2,2,2,,2,1,,1,,,,,,6,2,1,4,4,4,1,1,2,2,5,4,2,1,,2,3,4,8,5,1,1,1,3,3,1,6,,3,1,1,,4,3,2,,1,,1,,,,,,,,,,,,,,,,,2,3,,,,2,4,4,20,,,5,,,,4,2,7,4,,,,,,,,,,,,,,
"Austronesian","Sulawesi",,,rap,1,2,2,1,1,1,1,1,1,2,,1,1,1,6,8,1,4,1,1,2,1,1,5,3,2,5,2,1,2,1,1,1,1,1,7,4,5,3,1,2,5,,1,3,1,3,6,1,,1,2,1,1,9,2,6,,1,,,2,1,2,4,,,,,2,1,2,3,5,5,1,1,2,2,3,2,1,1,4,5,1,3,,2,2,,2,2,2,2,1,1,,1,,,,,,1,,1,4,4,4,1,1,1,5,1,1,1,1,4,2,3,4,8,5,,2,4,3,3,,1,,,,,1,4,,1,3,1,3,,2,2,,1,,,,,1,1,1,1,,,,,,15,,11,,1,4,4,19,3,,,,,,,,,,,,,,,,,,23,9,3,6,4,
"Austronesian","Sulawesi",,,sam,,,,,,,,,,,,,,,,,,,,,,,,,,,,,1,1,,,,,,7,,5,,1,1,,,,3,1,3,6,,2,,2,,,9,2,3,3,2,,4,2,1,1,,,5,2,,,,,,1,,,,,,,,,,4,5,3,7,2,2,2,,2,2,2,6,3,1,,1,,,,,3,1,2,1,4,4,4,,,1,,1,1,1,,,2,3,4,,,,2,2,,,,1,1,1,1,2,3,,,5,,,,,1,2,,,,,,,,,,,,,,,2,1,,,,1,4,4,16,3,,,,,,,,,,,,,,,,,,5,,1,6,4,
"Austronesian","Sulawesi",,,tab,3,2,3,2,2,1,1,2,1,2,,1,3,1,6,8,1,1,1,1,,,,,,,,,1,,1,3,1,1,1,8,3,4,,5,5,5,,5,,,2,6,2,1,,2,1,1,9,,5,,3,2,,,,,4,,8,,1,,,,,1,5,2,,2,2,2,3,1,1,4,5,1,2,,1,2,1,2,1,2,2,2,1,,1,,,,,3,6,2,1,4,4,4,1,1,4,1,2,2,1,2,,1,3,4,5,4,1,2,2,1,7,3,6,,,,,,,,2,1,1,1,1,,,,1,,,,,,,,,,,,,2,2,,,,4,1,4,4,6,,4,,,,4,8,7,1,,,,,,,,,,,,,,
"Austronesian","Sulawesi",,,tah,,,,,,,,,,,,,,,1,5,2,5,,,,,,,,,,,1,,,,,,,7,,,,,2,,,,,,,,,,,,,,9,2,6,,,,,,,,,,,2,,1,1,2,3,5,4,4,,,,,,,,,,,3,,2,2,,2,3,2,1,3,1,,1,,,,,2,3,2,1,4,4,4,,,,,,,,,,,,,,,,2,2,,,4,1,2,3,1,2,,,,,,,,,1,1,3,,,,,,,,,,2,,,,,1,,,,1,4,4,9,3,,,,,,,,,,,,,,,,,,1,,1,6,4,
"Austronesian","Sulawesi",,,tin,,,,,,,,,3,,,,,,,,,,,,,,,,,,,,1,1,,,,,,7,3,5,,1,4,,,,3,,,6,,,,2,1,1,9,2,4,,,,2,,,,,,,,1,,,,,5,5,2,,,,3,,,,,,,7,4,3,2,6,2,2,1,2,1,1,,1,,,,,1,4,2,1,4,4,3,,,2,4,2,2,1,1,,1,,,,,,,4,,,,1,2,,,,,,,,1,1,1,,,,,,,,,,,,,,,,,,,1,,,,1,4,4,16,3,,13,13,,,4,1,7,4,,,,,,,,,17,,1,6,4,
"Austronesian","Sulawesi",,,tuk,3,2,3,1,1,1,3,2,1,2,,1,1,1,6,8,1,1,1,1,7,3,2,4,4,2,5,2,5,1,1,3,1,1,1,9,,4,3,2,4,3,,3,3,1,1,6,3,,1,2,1,1,9,,3,1,2,1,4,2,1,2,6,2,4,,1,2,4,1,4,1,2,4,4,2,2,1,3,1,1,1,5,1,4,,2,2,,2,2,2,2,2,7,,3,3,,,,,2,3,1,4,5,4,4,4,2,2,5,2,2,2,2,1,3,4,3,3,3,2,,1,7,,1,,1,1,2,,4,4,3,2,2,1,1,,,,1,,,,,1,1,1,1,,,,,2,1,,,,1,4,4,12,3,,,,,,,,,,,,,,,,,,4,,1,6,4,
"Austronesian","Sulawesi",,,yap,3,3,3,2,2,1,6,2,,,,1,2,1,1,3,7,4,1,5,,,,,,,,,1,,,,,,,7,,,,1,1,,,,,,,6,,2,,3,,,9,,,,2,,2,,,,,,,,,,,,,5,5,2,,,,,,,,,,,3,,2,2,,2,2,2,2,1,1,,1,,,,,1,6,3,1,4,4,4,,,2,,3,3,1,,,2,,,,,1,2,2,,,,6,,,,,1,,,,,,,,1,2,,,,,,,,,,,,,,,,1,,,,1,4,4,9,3,,,,,,,,,,,,,,,,,,1,,1,6,4,
"Niger-Congo","Kwa",,,zul,4,2,5,3,1,1,5,4,,2,,1,2,2,6,8,1,1,1,2,1,5,1,3,1,2,5,2,6,2,1,2,5,3,3,1,6,4,1,5,5,3,,3,,,5,2,1,,2,2,1,1,2,,6,,1,2,,2,1,1,6,2,,2,2,1,2,1,3,1,1,4,1,2,1,2,2,1,1,4,5,1,2,,1,2,,2,2,2,6,,1,,1,,,,,,2,2,1,4,4,4,1,1,2,2,5,2,2,2,2,1,3,4,3,1,2,2,1,3,3,1,1,4,3,2,1,2,4,,1,3,3,3,,2,2,,1,,,,,1,2,1,1,3,,,,,15,,7,,2,2,4,20,,,15,,,12,4,4,6,4,,,,,,,,,,,,,,
"Niger-Congo","Kwa",,,wlf,4,3,3,2,2,1,1,2,,2,,1,3,1,,,,,1,1,,,,,,,,,1,2,,,,,,6,,4,,1,1,,,,,,,,,,1,,,,9,,6,,,,2,,,,,,,2,2,2,1,2,3,5,1,2,1,,2,1,2,,,,,,2,,1,2,1,2,2,2,2,1,1,,1,,,,,2,1,1,1,4,4,4,,,,4,,,,2,,,,,3,3,,,4,,,1,1,,1,1,1,2,,,1,,,,,,,,,,,,,,,,,3,,,,,8,,,,1,2,4,16,3,,13,7,,,4,1,2,4,,,,,,,,,,,,,,
"Niger-Congo","Kwa",,,swa,4,2,4,4,2,1,1,2,1,2,,1,1,1,6,8,1,,1,5,1,5,1,3,1,2,5,2,5,1,1,2,5,3,3,1,6,4,3,2,,3,,3,2,1,,2,1,2,2,2,1,1,5,2,7,2,1,,2,2,1,1,,2,2,2,,2,1,1,3,1,1,4,1,2,1,2,2,1,1,4,2,1,2,,1,2,,2,2,2,2,2,1,,1,,,,,,1,2,1,4,4,4,1,1,2,2,5,2,2,2,2,1,3,4,3,2,2,2,1,3,3,1,1,4,3,2,1,2,4,5,,,,,1,1,2,,1,,,,,1,2,1,1,1,,,,2,3,,,,2,4,4,20,,,5,,,,4,2,7,4,,,,,,,,,,,,,,
"Niger-Congo","Kwa",,,san,4,3,3,4,2,1,3,2,3,1,,1,1,2,,,,,1,3,1,5,6,1,4,2,5,2,6,,1,3,1,1,1,1,,4,1,1,,3,,1,,,1,6,2,2,,2,1,1,9,1,,,,,4,2,1,1,,,2,2,1,2,4,2,4,5,5,1,3,,2,3,2,1,1,4,5,1,2,,1,2,1,2,2,1,2,2,1,,1,,,,,2,2,2,1,4,4,3,1,1,1,2,1,1,1,1,1,2,3,4,8,5,,,2,1,7,,1,4,,,,,4,,1,,1,1,,,,,1,,,,,1,2,1,2,1,,,,,2,,,,4,1,4,4,6,,4,,,,4,8,7,1,,,,,,,,,,,,,,
"Niger-Congo","Kwa",,,mum,3,2,3,4,2,1,3,2,,,,1,2,3,,,,,1,3,,,,,,,,,1,,,,,,,7,,,,1,2,,,,,,,6,,,,2,,,9,,,,,,4,,,,,,,,,,,,,3,5,1,3,,,,,,,,,,2,,1,2,,2,3,2,2,2,1,,1,,,,,,2,2,,4,4,4,,,1,4,1,1,1,,,2,,,,,,,2,,,,1,,,,,,,,,,,,,1,2,,,,,,,,,,,,,,,,15,,2,,1,1,4,19,6,,15,,,2,4,5,7,2,,,,,,,,,,,,,,
"Niger-Congo","Kwa",,,kon,,,,,,,,,,2,,,,,2,8,1,1,,,,,,,,,,,6,,1,2,5,3,3,1,,4,3,,,3,,3,,,,2,1,,,2,1,1,9,,,2,,,4,,,,,,,,,,,,,4,2,2,1,2,2,,,1,1,,,,2,,1,2,,2,2,2,2,2,,,,,,,,,,,,4,,4,1,1,2,2,5,2,2,4,,1,,,,,,2,6,1,7,,,,,,,,,,1,,,,,1,2,,,,,,,,,,,,,,,,16,16,,5,3,3,4,16,6,,14,,18,,4,5,,,,,,,,,,,,,,,,
"Niger-Congo","Kwa",,,kfe,2,3,1,4,2,1,1,2,2,1,,1,2,1,2,8,1,5,1,1,,,,,,,,,3,3,1,1,3,3,2,2,6,3,,1,4,3,,1,1,1,1,2,2,2,1,3,1,1,9,,,,1,2,4,,,,6,2,7,,2,,,,,2,4,4,3,2,2,1,2,1,1,,,,2,,1,2,1,4,1,2,2,2,1,,1,,,,,,2,1,1,5,4,4,1,1,2,2,5,2,2,3,,2,3,4,8,5,1,2,2,1,7,1,1,,,,,2,4,4,3,2,1,1,2,1,2,,1,,,,,,,,,,,,,1,1,,,,1,4,4,2,3,,2,,,,4,1,7,4,,,,,,,,,,,,,,
"Niger-Congo","Kwa",,,igb,5,3,3,4,2,1,1,2,1,2,,1,1,2,,,,,1,3,,,,,,,,,,1,1,1,1,1,1,6,,4,,,,3,,1,,,,6,1,,,2,1,1,,,6,,1,,4,,,,,,,1,,,,,,2,1,1,4,2,2,1,2,1,1,4,5,1,2,,1,2,1,2,2,2,2,2,1,,1,,,,,,6,2,1,4,4,4,3,3,1,4,1,1,1,2,,2,3,4,3,4,1,2,,2,3,,6,5,3,1,1,2,,,,3,3,3,1,1,2,,3,,,,,,,,,,,,,2,,,,,,,,,,,,,,,,,,,,,,,,,,,,,,,,
"Niger-Congo","Kwa",,,grb,3,3,2,2,2,1,1,2,1,1,,1,1,3,1,7,6,5,1,3,1,5,1,4,2,2,2,2,2,,1,3,3,3,2,2,6,4,,5,5,3,,1,,,5,2,1,,,2,1,1,9,,6,,,,4,2,1,1,,,,,,1,2,1,3,2,2,4,2,2,,1,,1,1,4,5,1,2,,1,2,1,1,1,2,2,2,1,,1,,,,,,1,1,,3,4,4,1,2,1,4,1,1,1,2,2,1,3,4,3,1,,2,3,2,6,,1,,1,1,1,,,,,3,1,,,,,,,,,,,2,2,3,2,,,,,,1,,,,1,4,4,6,2,2,,,,,,,,,7,,,,4,1,8,11,,,,,,
"Niger-Congo","Kwa",,,fye,5,2,5,3,1,1,3,2,,,,1,2,2,,,,,1,1,,,,,,,,,3,,,,,,,1,6,,,1,1,,,,,,,,,,,,,,,,,,,,2,,,,,,,,,,,,,2,1,3,4,,,,,,,,,,2,,1,2,,2,2,2,2,2,1,,1,,,,,,2,2,1,4,4,4,,,,4,,,,2,,,,,,,,,2,,,,1,,,,,,4,,,,,,,,,,,,,,,,,,,,,,,,15,,2,,1,1,4,19,6,,15,,,5,3,8,7,2,,,,,,,,,,,,,,
"Niger-Congo","Kwa",,,ewo,4,3,3,4,3,1,1,2,,,,1,2,3,,,,,1,3,,,,,,,,,6,,,,,,,1,,,,1,,,,,3,1,,,,,,,,,9,,6,,,,4,,,,,,,,2,,,,,1,,,,,,,,,,,,,2,,1,2,,2,2,2,2,2,1,,1,,,,,,1,2,1,4,4,4,,,,2,,,,2,,,,,,,,,2,,,,1,,,,,,,,,,,,,,,,,,,,,,,,,2,,,,,15,,17,,1,1,1,19,,,15,,,10,4,3,5,4,,,,,,,,,,,,,,
"Niger-Congo","Kwa",,,doy,3,3,3,4,2,1,3,2,,1,5,1,3,3,,,,,1,3,,,,,,,,,2,,,,,,,2,5,,,2,4,,,,,,,6,,2,,2,,,9,,,,,,2,,,,,,,,2,,,,,3,,,,,,,,,,,,,2,,1,2,,4,1,2,,2,1,,1,,,,,,2,2,,5,4,4,,,2,6,5,4,2,2,,1,,,,,,2,6,,,,1,,,,,,,,,,,,,,,,,,,,,,,,,,,,,,16,16,,4,1,3,1,18,3,,14,,16,,4,5,6,3,,,,,,,,,,,,,,
"Niger-Congo","Kwa",,,dgb,3,2,4,4,2,1,1,2,,2,1,1,2,2,,,,,1,3,,,,,,,,,3,,,,,,,2,6,,,1,4,,,,,,,,,2,,,,,,,,,,,4,,,,,,,,2,,,,,4,,,,,,,,,,,,,2,,1,2,,1,1,2,2,2,,,,,,,,2,,1,,3,,4,,,,1,,,,2,,,,,,,,,2,,,,,,3,1,1,2,4,,2,,,,,,,,,,,,,,,,,,,,,,1,,,,1,4,4,2,3,,2,,,,4,1,7,4,,,,,,,,,,,,,,
"Niger-Congo","Kwa",,,bam,3,3,3,4,2,1,1,2,1,,,1,1,2,,,,,1,1,,,,,,,,,2,,1,1,,,,2,,4,1,1,,3,,1,,,,6,1,2,,2,1,1,,3,6,,,,,,,,,,4,1,,,,,,2,1,4,3,2,2,1,2,,,,,,1,,1,1,5,1,1,2,6,2,4,,,,1,,,,2,,,1,5,2,1,1,1,,1,1,1,,2,2,,,,,,2,,3,3,,1,1,3,1,1,,2,2,,,,,,1,2,,1,,,,,,,,,3,,,,1,1,,,,1,4,4,6,2,,,,,,,,,,2,,,,4,1,8,11,,,,,,
"Niger-Congo","Kwa",,,akn,1,3,2,2,2,1,1,1,,,,1,2,2,,,,,1,1,,,,,,,,,6,1,,,,,,6,,,1,2,,,,,,,,,,,,,,,9,,,2,,,1,,,,,,,2,,1,4,1,3,1,2,1,,,2,3,3,,,,,,2,,1,2,,4,1,2,2,2,,,,,,,,2,5,2,5,5,,4,,,,,,,,2,,,,,,,,,1,,,,1,3,3,1,1,,,,,2,2,2,1,,,,,,,,,,,,,,,,,,3,,,,2,4,4,20,,,5,,,,4,2,7,4,,,,,,,,,,,,,,
"Niger-Congo","Kwa",,,bab,,,,,,,,,,,,,,,,,,,,,,,,,,,,,,,,,5,3,3,,6,,,1,4,,,,,1,5,2,1,2,,2,,,9,,,,,,,,,,,,,2,2,,,,,,1,4,,,2,3,3,,,,,,2,,1,2,,2,,2,2,2,1,,1,,,,,1,2,,,4,4,4,,,1,1,1,1,1,4,,2,,,,,1,2,6,,,1,1,5,3,2,1,,3,3,1,,,,,2,2,,,,,,,,,,,,,,,,14,1,,,1,1,4,18,,,14,,1,,4,5,7,3,,,,,,,,,,,,,,
"Niger-Congo","Kwa",,,bir,3,3,3,4,2,1,1,2,,,,1,2,3,,,,,1,3,,,,,,,,,6,,,,,,,1,,,,1,1,,,,,,,,,,,,,,9,,,,,,,,,,,,,2,,,,,,1,5,,3,2,,,,,,,,,2,,1,2,1,2,2,2,2,2,1,,1,,,,,,2,2,1,4,4,4,,,,2,,,,,,,,,,,,,2,1,7,,1,5,,,,,,,,,,,,,,,,,,,,,,,,,,,,,2,,,,4,1,4,4,6,,4,,,,4,8,7,1,,,,,,,,,,,,,,
"Niger-Congo","Kwa",,,dio,3,3,1,2,2,1,1,2,1,,,1,3,1,2,8,1,,1,1,,,,,,,,,4,,1,2,5,3,3,1,,4,,3,1,5,,5,,,5,2,,,,2,1,1,9,,6,,,,2,,,,,,,,,2,4,1,4,4,5,4,1,2,1,,,1,1,4,5,1,2,,1,2,,2,2,2,2,2,1,,1,,,,,,6,2,1,4,4,4,1,1,2,2,5,2,2,,,1,,,,,,2,1,3,3,,6,5,,,,,,,,,,,,,,,2,,,,,,,,,2,,,,,4,,,,4,2,4,20,,,6,,,,4,8,2,4,,,,,,,,,,,,,,
"Niger-Congo","Kwa",,,ewe,4,3,3,4,2,1,1,2,1,,,1,2,2,,,,,1,3,,,,,4,2,5,1,4,1,1,2,1,1,1,8,,6,1,2,1,3,,1,2,,,6,1,2,2,3,1,1,9,1,6,,,,2,2,1,2,,,7,2,,2,4,1,4,,5,2,4,2,2,1,2,1,1,1,5,1,2,,1,2,,1,1,2,2,2,1,,1,,,,,,2,2,1,3,4,4,1,1,2,2,5,2,2,,,2,3,4,8,5,1,1,6,3,3,,1,1,3,1,1,,,,2,,1,1,,,,,1,,,,,,,,,2,,,,,14,1,,,1,1,4,18,,,14,,1,,4,5,7,3,,,,,,,,,,,,,,
"Niger-Congo","Kwa",,,fni,,,,,,,,,,,,,,,,,,,,,,,,,,,,,3,,,,,,,,,,1,1,,,,,,,,2,,,,2,1,1,7,2,6,,,,2,2,1,2,,,7,2,,,,,,2,,,1,,1,2,2,,,,,,2,,1,2,,2,,2,,2,1,,1,,,,,,,1,1,4,4,4,,,2,,5,2,3,,,1,,,,,,,1,,,,,3,1,1,2,,,,,3,2,1,,,,,,,,,,2,2,1,2,,,,,,4,,,,4,2,4,20,,,6,,,,4,8,2,4,,,,,,,,,,,,,,
"Niger-Congo","Kwa",,,gbb,4,3,3,4,2,1,3,2,,,,1,2,2,,,,,1,3,,,,,,,,,2,,,,,,,7,,,1,3,1,,,,,,,,,2,,,,,9,1,,,1,,2,2,1,2,,,,,,,,,,2,,,,,,,,,,,,,2,,1,2,1,2,2,1,2,2,1,,1,,,,,,2,2,,4,4,3,,,,,,,,,2,,,,,,,,2,3,1,,1,,3,1,1,2,,,,,,,,,,,,,,,,1,2,1,2,,,,,,15,,2,,1,1,4,19,6,,15,,,2,4,5,7,2,,,,,,,,,,,,,,
"Niger-Congo","Kwa",,,gwa,3,2,3,4,2,1,3,2,,,,1,3,3,,,,,1,3,,,,,,,,,,,,,,,,,,,,1,1,,,,,,,,,,,,,,,,,,,,,,,,,,,,,,,,,,5,1,2,2,,,,,,,,,7,1,1,3,6,4,1,2,2,2,1,,1,,,,,,2,2,1,5,5,5,,,,1,,,,,,,,,,,,,6,,,,1,,,,,,,,,,,,,,,,,,,,,,,,,,,,,,14,1,,,1,1,4,18,,,14,,19,,4,5,7,3,16,,12,,4,3,8,5,,,,,,
"Niger-Congo","Kwa",,,ijo,3,3,2,4,2,1,1,2,,,,1,1,2,,,,,1,3,,,,,4,4,4,1,3,,,,,,,2,,,,3,3,,,,,,,3,,,,3,,,1,,,,,,1,2,1,2,,,,,,,,,,2,2,2,2,2,,,,,,,,,1,,1,1,,,1,1,1,1,2,1,,,,,,,6,2,5,,1,1,,,2,,3,1,1,,,1,,,,,,,5,3,5,,2,,,,,,,,,3,3,3,,,,,,,,,,,,,,,,,,,10,,,,4,3,4,16,4,,,,,,,,,,15,5,,,4,4,8,7,,,,,,
"Niger-Congo","Kwa",,,kis,,,,,,,,,,2,1,,,,,,,,,,3,5,1,2,4,2,5,1,,,,,5,3,3,8,,,,5,5,,,,2,1,5,6,1,,,2,,,9,1,6,,,,,,,,,,,,,,,,,3,1,1,,2,,,,,,,,,7,1,1,3,6,2,2,2,2,2,1,,1,,,,,3,6,1,1,5,5,5,,,2,4,3,1,1,2,,1,,,,,,2,6,,,,6,,,,,,4,,,,,,,1,2,,,,,,,,,,,,,,,,14,12,,,1,1,1,18,6,,14,,20,,4,8,7,3,16,,13,,4,3,8,5,,,,,,
"Niger-Congo","Kwa",,,luv,2,2,3,3,1,1,1,3,1,,,1,1,2,6,8,1,1,1,1,1,5,1,5,1,2,5,2,6,1,1,2,5,3,3,1,6,4,1,5,5,3,,3,,,5,2,2,,2,2,1,1,,,6,,,,2,2,1,2,,,2,,2,2,2,1,3,1,1,4,1,2,,3,,1,1,4,2,1,2,,1,2,1,2,2,2,2,2,1,,1,,,,,,,2,1,4,4,4,1,1,2,2,5,2,2,,4,2,3,4,3,3,,2,6,3,5,,1,,,,,,4,,1,3,2,2,,,,,1,,,,,1,2,1,2,,,,,,14,11,,,3,1,4,18,6,,14,,14,,4,5,7,2,,,,,,,,,,,,,,
"Niger-Congo","Kwa",,,nko,3,2,3,4,2,1,1,1,3,2,,1,2,2,,,,,1,1,,,,,,,,,6,,1,2,5,3,3,1,,4,,,,3,,3,3,1,5,2,,2,1,3,1,1,9,,,,,,,,,,,,,2,2,,,,,1,2,2,3,2,2,3,3,1,1,,,,2,,1,2,1,2,2,2,2,2,1,,1,,,,,2,2,2,3,4,4,4,1,1,2,2,5,2,2,3,2,1,3,4,5,1,,2,1,3,3,4,1,4,3,2,1,,,,1,3,2,2,1,2,2,,1,,,,,,,,,,,,,,3,,,,2,4,4,20,,,5,,,,4,2,7,4,,,,,,,,,,,,,,
"Niger-Congo","Kwa",,,sup,2,3,3,4,4,1,1,2,1,1,,1,2,3,2,8,1,,1,1,2,5,1,2,4,1,5,1,3,,1,1,5,3,3,2,6,4,3,3,1,3,,1,1,1,2,2,1,,2,2,9,2,9,3,6,2,1,2,4,2,1,1,6,2,6,,2,1,2,2,3,4,2,2,2,2,2,1,3,1,1,3,5,1,1,,1,1,5,1,1,2,1,2,4,,,6,1,,,,2,3,1,1,5,2,1,1,1,1,1,1,1,1,4,2,3,4,8,5,3,2,2,3,5,1,1,4,3,1,1,,2,2,1,2,2,1,1,,,,4,,,,,1,2,2,2,,,,,,15,,2,,1,1,4,19,4,,,,,,,,,,17,,,2,4,3,8,3,,,,,,
"Niger-Congo","Kwa",,,tne,2,3,2,2,4,1,1,2,,1,2,1,3,2,,,,,1,3,,,,,,,,,4,,,,,,,1,,,,3,3,,,,,,,,,,,,,,,,,,,,4,,,,,,,2,,2,1,1,2,4,,,,,,,,,,,,,2,,1,2,,2,2,2,2,2,1,,1,,,,,,2,1,1,4,4,4,,,,,,,,,,,,,,,,,1,,,,1,3,3,1,1,,,,,,,,,,,,,,,,,,,,,,,,,,4,,,,4,2,4,20,,,6,,,,4,8,2,4,,,,,,,,,,,,,,
"Niger-Congo","Kwa",,,yor,2,3,2,2,3,1,1,2,3,1,,1,1,3,,,,,1,3,4,1,1,4,3,1,5,2,1,1,4,1,1,1,1,7,4,4,1,5,5,3,,1,2,1,1,6,2,2,2,2,1,1,9,2,4,2,1,,4,2,1,1,,,7,2,2,2,4,2,2,5,5,,,2,2,1,1,1,1,4,5,1,2,,1,2,,2,2,2,2,2,1,,1,,,,,,6,1,1,4,4,4,1,2,1,5,1,1,1,3,4,2,3,4,8,5,3,1,4,3,3,,6,5,1,1,1,2,3,,1,1,1,1,1,,,,3,,,,,1,2,1,1,2,,,,2,1,,,,1,4,4,2,3,,2,,,,4,1,7,4,,,,,,,,,,,,,,
"Indo-European","Celtic",,,ukr,,,,,,,,,,,,,,,,,,,,,,,,,,,,,2,,,,3,2,3,2,,,,5,5,,,,,,,,,1,,,,,1,,7,5,,,4,,,,,,,,,,,,,2,1,1,4,,,,,,,3,5,1,2,,1,2,,2,,1,1,1,1,,1,,,,,,1,,1,4,4,3,,,,1,,,,,,,3,4,8,5,,,2,1,7,,1,,,,,,,,,,,,,1,2,,,,,,,,,,,1,,,,,1,,,,1,4,4,2,3,,2,,,,4,1,7,4,,,,,,,,,,,,,,
"Indo-European","Celtic",,,spa,4,2,3,3,1,1,1,2,3,2,,1,2,1,1,3,7,1,1,5,1,1,2,3,3,2,5,2,2,3,3,2,2,2,3,2,6,5,4,1,2,3,,3,3,1,1,1,2,3,2,2,1,3,9,,7,1,,,4,2,1,1,,2,3,1,1,1,1,1,1,2,1,3,4,2,2,1,1,1,1,3,2,1,2,,3,2,1,2,2,2,1,1,1,,1,,,,,1,6,1,1,4,4,4,2,2,2,2,5,2,3,1,3,1,3,4,8,5,3,4,2,1,7,3,4,5,2,1,1,4,4,1,1,3,2,2,2,2,2,,1,7,7,1,1,2,2,1,1,2,,,,2,1,,,,1,4,4,2,3,,2,,,,4,1,7,4,,,,,,,,,,,,,,
"Indo-European","Celtic",,,rus,4,2,5,4,2,1,1,2,3,2,,1,3,1,1,5,6,5,1,1,1,2,1,3,2,2,2,2,2,3,3,3,3,2,3,2,6,6,4,5,5,3,,3,2,1,,3,2,1,2,2,6,6,1,3,7,5,1,,4,2,1,1,6,2,3,1,1,1,1,2,4,4,1,1,4,2,2,1,1,1,1,3,2,1,2,,1,2,,2,2,1,1,1,1,,1,,,,,1,3,1,1,4,4,3,2,2,2,1,2,2,1,1,3,1,3,4,8,5,2,2,2,1,7,1,1,1,2,2,2,4,1,1,1,2,2,2,1,1,2,,1,7,7,1,1,2,2,1,1,1,,,,2,1,,,,1,4,4,2,3,,2,,,,4,1,7,4,,,,,,,,,,,,,,
"Indo-European","Celtic",,,psh,4,2,4,4,2,3,1,3,2,,,1,3,1,1,7,1,5,1,1,,,,,,,,,2,1,,,2,2,3,2,,,,5,5,,,,,,,,2,1,,,3,3,1,,6,2,,,4,,,,,,,,,,,,,2,,,,,,,,,,3,5,1,1,,1,1,,1,1,1,1,1,1,,1,,,,,1,6,2,1,1,2,1,,,,,,,,,,,,,,,,2,1,,,,6,,,,,,,,,,,,,,,,,,,,,,,,,1,,,,,3,,,,2,4,4,20,,,,,,,,,,,5,,,,4,4,2,11,,,,,,
"Indo-European","Celtic",,,por,,,,,,,,,,,,,,,1,3,6,,,,,,,,,,,,2,3,,,,,,2,6,,4,1,2,,,,,,,,2,4,2,,,,9,1,7,,,,,,,,,,,,,1,1,2,4,2,2,3,4,,2,1,1,,,,,,2,,1,2,,2,2,2,1,,1,,1,,,,,1,1,,,4,4,4,,,,2,,,,,,,,,,,,,2,,,3,1,,,,,,,,,,,,,2,2,,,,,,,,,,,1,,,,,1,,,,1,4,4,2,3,,2,,,,4,1,7,4,,,,,,,,,,,,,,
"Indo-European","Celtic",,,pan,,,,,,,,,,,,,,,,,,,,,,,,,,,,,2,1,,,2,2,3,2,6,,1,5,5,,,,2,1,2,,2,3,1,,2,6,1,,,,,3,,,,,,,2,,,1,1,1,3,2,1,2,,2,2,1,3,,,,,,1,,1,1,,1,1,1,1,1,7,3,,2,,,,1,1,2,1,1,5,1,,,,2,,,,,,,3,4,8,5,,2,2,,,,1,,,,,,,,,3,2,2,1,2,2,,,,,,,,,,,1,,,,,1,,,,1,4,4,7,3,,,,,,,,,,3,,,,4,4,1,11,,,,,,
"Indo-European","Celtic",,,nep,4,2,4,2,2,1,1,2,,,,1,,1,1,1,2,,1,1,,,,,2,2,2,2,2,,,,,,,2,4,,1,,,,,,,,,,3,,,,,,1,,,,,,,,,,,,1,,1,,,,,2,,,1,1,,,,2,2,,,,1,,1,1,,1,1,1,1,1,,,,,,,,,,2,2,1,,1,,,,,,,,1,,,,,,,,,1,,,1,1,2,2,1,1,,,,,,,,,2,2,,,,,,,,,,,1,,,,,4,,,,4,2,4,20,,,,,,,,,,,6,,,,4,4,8,2,,,,,,
"Indo-European","Celtic",,,lit,5,2,4,4,2,1,1,3,,,,1,3,,1,5,6,4,1,1,,,,,,,,,2,,,,,,,2,6,,,5,5,,,,2,1,,,3,1,2,,6,3,1,3,7,5,,,,,,,,,,1,,,,,,2,1,1,4,,2,1,1,2,2,,,,2,,1,2,,2,1,1,1,1,1,,1,,,,,1,1,1,1,4,4,3,,,,2,,,,,3,,,,,,,,1,,,1,1,,2,2,2,,,,,,,,,1,2,,,,,,,,,,,3,,,,,3,,,,2,4,4,20,,,5,,,,4,2,7,4,,,,,,,,,,,,,,
"Indo-European","Celtic",,,krd,4,3,3,4,2,2,1,2,2,,,1,3,1,,,,,1,4,,,,,,,,,3,,,,,,,2,6,4,,3,3,,,,,,,6,,,,3,,,9,,,2,,,2,,,,,,,,,,,,,4,1,,,,,,,,,,,,1,,1,1,,2,2,2,6,1,1,,1,,,,,1,,2,1,2,2,2,,,2,2,5,3,2,,,1,,,,,,,1,,,,,,,,,,,,,,,,,,,,,,,,,,,,,,,,,,3,,,,2,4,4,20,,,,,,,,,,,5,,,,4,4,2,11,,,,,,
"Indo-European","Celtic",,,ita,,,,,,,,,,,,,,,1,3,6,4,,,,,,,,,,,2,3,,,,,,2,6,,4,1,2,,,,2,1,,3,2,2,2,2,1,3,9,1,7,,,,4,,,,,,,,1,,,,,2,2,3,4,,2,1,1,,,,,,2,,3,2,,2,2,2,1,1,1,,1,,,,,1,6,,1,4,4,4,,,2,2,2,2,1,1,,1,,,,,,,2,1,7,3,6,,,,,,1,1,,3,2,2,2,2,2,,,,,,,,,,,2,,,,1,1,,,,1,4,4,2,3,,2,,,,4,1,7,4,,,,,,,,,,,,,,
"Indo-European","Celtic",,,ice,,,,,,,,,,,,,,,2,8,1,1,,,,,,,2,2,2,2,2,,,,3,2,3,2,6,,3,3,4,,,,,,,,,1,2,,4,6,1,3,7,,,,4,,,,,,5,1,,2,1,2,1,2,2,1,4,2,2,1,2,,,,,,2,,1,2,,2,2,1,1,1,1,,1,,,,,1,,,,4,4,3,,,,1,,,,,,,3,4,8,5,,,2,1,7,3,,,2,2,1,,,,,,,,,,,,,,,,,,,,,2,,,,,6,,,,1,1,4,16,,,13,1,,,4,1,1,4,,,,,,,,,,,,,,
"Indo-European","Celtic",,,grk,3,2,3,4,2,1,1,2,3,2,,1,3,1,5,8,6,1,1,5,1,2,3,3,3,3,3,2,2,3,3,3,3,2,3,2,6,5,4,1,2,3,,3,3,1,,3,2,1,2,2,3,6,1,1,7,5,,,4,2,1,1,,,3,1,1,1,1,2,1,2,1,4,1,2,2,1,1,1,1,3,2,1,7,3,3,2,,2,2,1,1,1,1,,1,,,,,1,1,1,1,4,4,3,2,2,2,2,5,2,3,1,3,1,3,4,8,5,2,1,2,1,7,1,1,5,2,2,1,4,1,1,2,3,1,1,1,2,2,,1,,,,,2,2,1,1,1,,,,1,1,,,,1,4,4,16,3,,13,10,,,4,1,7,4,,,,,,,,,14,,1,6,4,
"Indo-European","Celtic",,,gae,,,,,,,,,,,,,,,2,8,1,4,,,,,,,,,,,3,3,,,2,2,3,6,,,,1,4,,,,,,,,2,,,,,,5,,6,,,,,,,,,,,1,,,,,,4,,,,,,,,,,,,,3,,2,2,1,2,2,2,2,1,1,,1,,,,,1,6,1,1,4,4,4,,,,1,,,,,,,3,4,8,5,,,2,,,,2,1,2,1,1,4,4,3,,,,,,2,2,,,,,,,,,,,,,,,,1,,,,1,4,4,9,3,,,,,,,,,,,,,,,,,,1,,1,6,4,
"Indo-European","Celtic",,,eng,3,3,1,4,2,1,1,2,2,2,,1,3,1,1,4,4,1,1,5,1,5,1,2,2,2,2,2,2,3,2,2,3,2,2,2,6,4,4,1,1,3,,2,2,1,2,3,1,2,1,2,2,3,9,1,7,1,1,2,4,2,1,1,6,6,6,1,1,2,1,2,1,2,5,1,4,2,2,1,1,1,1,1,5,1,2,,1,2,1,2,3,1,1,1,1,,1,,,,,1,6,1,1,4,4,3,1,2,2,1,2,2,1,4,2,1,3,4,8,5,1,2,2,3,3,3,4,5,2,2,1,4,1,1,1,2,2,2,1,2,2,,1,7,7,1,1,1,2,1,1,2,,,,2,1,,,,1,4,4,2,3,,2,,,,4,1,7,4,,,,,,,,,,,,,,
"Indo-European","Celtic",,,dsh,,,,,,,,,,,,,,,1,6,4,,,,,,,,,,,,2,,,,,,,2,,,,3,1,,,,,,,,2,,1,,,,1,1,7,,,,4,,,,,,,,,,,,,2,4,1,4,2,2,1,1,,,,,,2,,1,2,1,2,1,1,1,1,1,,1,,,,,1,6,1,1,4,4,3,,,,1,,,,,,,,,,,,,2,,,,4,,,,,,,,,,,,,2,2,,2,,,,,,,,,2,,,,2,6,,,,1,1,4,16,,,13,1,,,4,1,1,4,,,,,,,,,,,,,,
"Indo-European","Celtic",,,ctl,3,3,3,4,2,1,1,2,,,,1,2,1,1,3,6,5,1,1,,,,,,,,,,3,,,,,,,,,,,2,,,,,,,,,,2,,1,3,,1,7,,,,,,,,,,,,,,,,,,2,3,4,,2,1,2,,,,,,2,,3,2,,2,2,2,1,1,1,,1,,,,,,6,,,4,4,4,,,,2,,,,,,,,,,,,,2,,,1,6,,,,,,,,,,,,,2,2,,,,,,,,,,,2,,,,,15,,1,,1,1,4,19,3,,15,,,4,4,3,5,4,,,,,,,,,,,,,,
"Indo-European","Celtic",,,arm,1,2,4,3,1,3,2,2,3,2,,1,,1,1,5,5,4,1,1,,,,2,,,,,2,2,3,3,1,1,1,2,6,5,4,3,1,3,,3,,,3,6,2,,1,2,5,3,1,2,6,7,1,1,2,2,1,1,,,2,1,,1,1,2,3,2,1,2,4,2,2,3,2,,,3,2,1,7,1,1,3,6,1,1,1,1,1,7,2,2,,,,,1,6,2,1,5,5,5,2,2,2,2,2,4,1,,,1,3,4,8,5,2,2,5,3,1,,6,2,2,2,1,,,,,,,,,,,,1,,,,,,,,,2,,,,,7,,,,3,4,4,16,,,13,22,,,4,1,7,4,15,16,,,4,4,7,11,,,,,,
"Indo-European","Celtic",,,bre,4,3,3,4,2,1,1,2,,,,2,3,1,6,8,1,,1,1,,,,,,,,,3,,,,,,,2,,,,1,1,,,,,,,,2,,,,,,7,1,7,,,,2,,,,,,,1,,,,,,2,1,,,,,,,1,1,,,,2,,2,2,,2,2,2,2,1,1,,1,,,,,3,1,1,1,4,4,4,,,,2,,,,,,,,,,,,,6,,,,1,1,2,2,1,1,,,,,,,,2,2,,,,,,,,,,,2,,,,,14,13,,,1,1,4,18,,,14,,12,,4,5,5,4,,,,,,,,,,,,,,
"Indo-European","Celtic",,,alb,3,3,3,4,2,1,1,2,3,,,3,3,1,,,,,1,5,,,,,,,,,2,,,,,,,2,,,4,3,1,,,,,,,2,1,,,2,4,6,1,1,6,5,1,,4,,,,6,5,3,1,,,,,,2,2,2,1,1,2,1,2,2,2,,,,2,,1,2,,2,2,2,1,1,1,,1,,,,,1,1,,1,4,4,4,,,2,2,5,2,3,,,1,,,,,,,2,1,7,,1,5,2,2,1,4,,,2,,,,,,,,1,,,,,,,,,1,,,,1,1,,,,1,4,4,2,3,,2,,,,4,1,7,4,,,,,,,,,,,,,,
"Indo-European","Celtic",,,bul,5,2,3,4,2,1,1,2,,,,1,3,1,,,,,1,1,,,,,,,,,2,,,,,,,2,,,2,1,,,,,,,,,,1,2,,1,3,9,,7,5,1,,4,,,,,,3,1,,1,1,2,3,2,1,4,1,2,,,,3,3,1,1,1,2,,3,2,1,2,3,1,1,1,1,,1,,,,,1,3,1,1,4,4,3,,,,2,,,,,3,,,,,,,,2,,,1,1,,2,2,1,,1,1,2,,,,,,,,,,,,,,,,,1,,,,1,1,,,,1,4,4,2,3,,2,,,,4,1,7,4,,,,,,,,,,,,,,
"Indo-European","Celtic",,,cze,,,,,,,,,,,,,,,2,8,1,1,,,,,,,,,,,3,,,,,,,2,,,,5,5,,,,2,1,,,,,,,,,1,,7,5,,,4,,,,,,,,,,,,,4,1,1,4,,,,,,,3,5,1,2,,1,2,,2,3,1,1,1,1,,1,,,,,,6,2,1,4,4,3,,,,2,,,,,,,,,,,,,1,,,,4,5,2,2,2,,,,,,,,,1,2,,,,,,,,,,,1,,,,2,3,,,,2,4,4,20,,,5,,,,4,2,7,4,,,,,,,,,,,,,,
"Indo-European","Celtic",,,dut,,,,,,,,,,,,,,,1,4,3,1,,,,,,,,,,,2,,,,,,,2,6,,4,1,1,,,,,,,3,2,3,1,2,1,3,9,,6,1,,2,4,,,,,,3,1,,,,,,2,4,1,4,,2,1,1,2,5,1,5,1,7,1,1,3,6,2,2,1,1,1,1,,1,,,,,,6,,1,5,5,5,,,2,1,2,2,1,,,1,,,,,,,2,,,2,4,5,2,2,1,4,,,,,,,,2,2,,,,,,,,,,,2,,,,2,6,,,,1,1,4,16,6,,13,15,,,4,8,7,1,15,9,,,4,4,1,11,,,,,,
"Indo-European","Celtic",,,fre,3,3,1,4,2,3,1,2,3,1,,2,3,1,1,3,5,4,1,1,1,5,2,3,4,2,5,2,2,3,3,2,2,2,3,2,6,6,4,1,2,3,,3,1,2,5,3,2,2,2,2,1,1,7,1,7,1,1,1,4,2,1,1,6,2,3,1,1,1,1,1,1,2,2,1,4,2,2,1,1,2,5,3,5,1,2,,1,2,1,2,2,2,1,1,1,,1,,,,,1,1,1,1,4,4,4,1,2,2,1,2,2,1,1,3,1,3,4,8,5,,4,2,1,7,3,1,,2,2,1,4,1,1,1,3,2,2,2,2,2,,1,7,7,1,1,2,2,1,1,2,,,,,15,,2,,1,1,4,19,4,,15,,,3,4,5,3,4,,,,,,,,,,,,,,
"Indo-European","Celtic",,,ger,3,3,1,4,2,3,1,2,2,2,,2,3,1,1,4,3,1,1,1,1,2,1,2,2,2,2,2,2,3,3,2,3,2,3,2,6,4,3,1,2,3,,3,1,1,5,3,2,4,2,2,4,6,1,1,6,5,1,,4,2,1,1,,,3,,1,2,1,2,1,2,2,1,4,2,2,1,1,2,5,1,5,1,7,1,1,3,6,2,2,1,1,1,1,,1,,,,,1,6,1,1,5,5,5,2,2,2,1,2,2,1,1,3,1,3,4,8,5,1,2,2,1,7,2,4,,,,,,1,1,1,2,2,1,,2,2,,1,7,7,1,1,2,2,1,1,2,,,,2,6,,,,1,1,4,16,6,,13,15,,,4,8,7,1,15,9,,,4,4,1,11,,,,,,
"Indo-European","Celtic",,,hin,5,2,4,4,2,1,1,2,3,1,,1,3,1,1,4,4,,1,1,1,1,2,2,3,2,5,2,2,1,3,2,2,2,3,2,6,4,4,5,5,3,,1,,,2,6,3,3,1,2,,,1,2,6,2,1,3,,2,1,1,6,6,2,1,1,1,1,1,3,2,1,2,4,2,2,1,2,1,1,3,5,1,1,,1,1,,1,1,1,1,1,4,,,,1,,,1,1,2,1,1,5,1,5,5,2,,2,2,1,1,2,1,3,4,8,5,2,2,2,3,3,1,1,1,2,2,1,1,2,2,1,,2,2,1,,,,1,,,,,2,2,1,1,1,,,,1,1,,,,1,4,4,7,3,,,,,,,,,,3,,,,4,4,1,11,,,,,,
"Indo-European","Celtic",,,iri,,,,,,,,,3,2,,,,,2,8,2,4,,,,,,,,,,,4,3,3,2,,,,6,6,4,4,1,4,3,,3,3,1,3,3,1,2,1,3,2,2,5,1,7,,,,4,,,,,5,6,1,,,,,,4,1,2,1,2,2,1,1,1,1,3,2,1,3,,2,2,1,2,2,2,2,1,1,,1,,,,,,1,1,1,4,4,4,1,2,2,6,2,2,1,,,1,,,,,2,1,2,3,3,1,1,1,2,1,1,4,4,3,,2,2,2,1,2,2,,2,,,,,,,,,2,,,,2,1,,,,1,4,4,9,3,,,,,,,,,,,,,,,,,,1,,1,6,4,
"Indo-European","Celtic",,,kas,4,3,3,2,2,1,1,2,,,,1,,1,,,,,1,1,,,,,,,,,,,,,2,2,3,,,,,,,,,,2,1,,2,2,3,1,2,4,4,,,5,2,,,,,,,,,,,1,,,,,,1,2,,2,2,1,1,,,,,,2,,1,2,1,1,1,1,1,1,7,,4,,3,,,,,2,,3,5,3,,,6,4,5,5,2,1,,1,3,4,8,5,,2,1,,,1,3,,,,,1,,,1,3,2,2,1,2,2,,,,,,,,,,,,,,,,4,,,,4,2,4,20,,,6,,,,4,8,2,4,,,,,,,,,,,,,,
"Indo-European","Celtic",,,lat,2,2,3,4,2,1,1,2,3,2,,1,3,2,2,8,1,5,1,1,,,,,,,,,3,,3,2,2,2,3,2,6,4,,2,2,3,,3,2,1,5,2,2,1,2,2,5,6,1,1,7,5,1,1,4,,,,,,4,1,1,2,1,1,3,4,3,1,4,2,2,1,1,2,2,1,5,1,2,,3,2,,2,1,1,1,1,1,,1,,,,,1,1,1,1,4,4,3,2,2,2,1,2,4,1,1,,1,3,4,8,5,2,2,1,3,3,1,1,1,2,2,2,4,1,1,1,,,,,,,,1,,,,,,,,,1,,,,,3,,,,2,4,4,20,,,5,,,,4,2,7,4,,,,,,,,,,,,,,
"Indo-European","Celtic",,,mhi,,,,,,,,,,,,,,,,,,,,,,,,,,,,,2,,,,3,2,3,,,,,5,5,,,,2,1,2,,3,1,1,,5,2,1,1,,2,1,3,,,,,6,,,,1,,,,,2,4,4,1,,2,1,3,,,,,,1,,1,1,,1,1,1,1,1,2,1,,,,,,1,2,2,4,1,1,1,5,2,,,,,,1,,,,,,,2,2,,,,1,1,,,,,1,,,1,3,2,2,1,1,2,,,,,,,,,,,1,,,,,2,,,,4,1,4,8,4,,,,,,,,,,4,,,,4,4,8,1,,,,,,
"Indo-European","Celtic",,,nor,3,3,2,2,2,1,1,2,,,,2,3,2,1,4,4,4,1,1,,,,,,,,,2,,,,,,,2,,,3,3,2,,,,,,,,2,,1,,,,1,1,7,,,,4,,,,,,,,,,,,,2,4,1,4,2,,,,,,,,,2,,1,2,,2,3,1,1,1,1,,1,,,,,1,6,1,1,4,4,3,,,,1,,,,,,,,,,,,,2,,,,4,,,,,,,,,,,,,2,2,,,,,,,,,,,2,,,,,6,,,,1,1,4,16,,,13,1,,,4,1,1,4,,,,,,,,,,,,,,
"Indo-European","Celtic",,,pol,4,2,5,4,2,1,1,2,,,,1,3,1,6,8,1,1,1,1,,,,,,,,,2,,,,,,,2,,,1,5,5,,,,,,,2,2,1,2,2,6,6,1,2,7,5,,,,,,,,,,1,,,,,,2,1,1,4,,2,1,1,,,3,5,1,2,,3,2,,2,2,1,1,1,1,,1,,,,,1,1,1,1,4,4,3,,,2,3,2,2,1,,3,1,,,,,,,2,,,1,1,5,2,2,2,,,,,,,,,2,2,,,,,,,,,,,3,,,,,1,,,,1,4,4,2,3,,2,,,,4,1,7,4,,,,,,,,,,,,,,
"Indo-European","Celtic",,,prs,3,2,3,4,2,2,1,2,3,2,,1,3,1,7,8,1,,1,1,1,1,1,3,3,1,5,2,3,1,1,3,1,1,1,2,,4,3,4,,3,,3,2,3,6,3,2,2,1,3,2,2,9,1,5,1,2,2,4,2,1,1,2,2,3,1,1,1,1,2,4,4,2,1,2,2,2,3,2,3,3,3,5,1,1,,1,1,,2,2,2,1,1,1,,1,,,,,1,1,2,1,2,2,2,2,2,2,2,5,4,2,1,2,1,3,4,8,5,2,2,1,1,7,1,1,5,2,2,1,,4,3,2,3,1,1,1,,,,1,,,,,2,2,1,1,1,,,,1,3,,,,2,4,4,20,,,,,,,,,,,5,,,,4,4,2,11,,,,,,
"Indo-European","Celtic",,,rom,3,3,3,4,2,1,1,2,,,,1,,1,1,3,6,,1,1,,,,,,,,,2,,,,,,,2,6,,,3,2,,,,,,,,3,1,2,,2,3,1,1,6,5,,,4,,,,,,,1,,1,1,2,4,2,2,3,1,,2,1,1,1,1,,,,2,,1,2,,2,2,2,6,1,1,,1,,,,,1,6,1,1,4,4,4,,,,,,,,,,,,,,,,,2,,,1,6,5,2,2,1,,,,2,,,,,2,2,,,,,,,,,,,,,,,,1,,,,1,4,4,2,3,,2,,,,4,1,7,4,,,,,,,,,,,,,,
"Indo-European","Celtic",,,scr,,,,,,,,,,,,,,,1,5,5,5,,,,,,,,,,,2,,,,,,,2,6,,,5,5,,,,,,1,,,1,,,5,6,1,,7,,,,4,,,,,,,1,,,,,,5,1,1,4,,2,1,1,,,3,1,1,2,,1,2,,2,3,1,1,1,,,,,,,,1,5,,1,4,,3,,,,2,,,,,,,,,,,,,2,,,1,1,5,2,2,1,,,,,,,,,1,2,,,,,,,,,,,1,,,,1,1,,,,1,4,4,21,,,11,,,,,,7,4,,,,,,,,,,,,,,
"Indo-European","Celtic",,,swe,,,,,,,,,,,,,,,1,4,4,5,,,,,,,,,,,2,,,,,,,2,6,,,3,2,,,,2,1,,,2,3,1,,2,3,9,1,7,,,,4,,,,,,5,1,,2,1,2,1,2,4,1,4,2,2,1,1,2,6,1,5,1,2,,1,2,1,2,1,1,1,1,1,,1,,,,,1,6,1,1,4,4,3,,,,1,,,,,,,,,,,,,2,,,3,4,5,2,2,1,,,,,,,,,,,,,,,,,,,,,2,,,,2,6,,,,1,1,4,16,,,13,1,,,4,1,1,4,,,,,,,,,,,,,,
"Indo-European","Celtic",,,wel,,,,,,,,,,,,,,,6,8,1,,,,,,,,,,,,2,3,,,,,,2,,,,1,4,,,,2,2,,3,2,,1,3,1,1,9,3,7,,,,,,,,,,3,,,,,,,2,1,2,4,,2,3,2,,,,,,3,,2,2,1,2,2,2,2,1,1,,1,,,,,3,1,1,1,4,4,4,,,2,,2,2,1,,,1,,,,,,,2,,,,1,1,2,1,1,,,,,,,,,2,2,,,,,,,,,,,2,,,,,1,,,,1,4,4,9,3,,,,,,,,,,,,,,,,,,1,,1,6,4,
"Nilo-Saharan","Nilotic","Eastern Sudanic",,nti,5,3,4,4,2,1,3,2,3,2,,1,1,3,,,,,1,3,,,,,,,,,4,,1,2,,,,4,3,7,,1,4,5,,4,3,1,1,6,1,2,2,3,1,3,9,2,6,,,,2,,,,,,,,,,,,,2,1,,1,2,,,,1,1,,,,7,1,1,3,6,1,1,1,1,1,,,,,,,,,5,3,2,5,5,5,1,1,2,2,5,2,3,,,2,,,,,,2,2,1,7,1,1,,,,,,,,2,3,1,1,,,,,4,,,,,,,,,,,,,,1,,,,1,4,4,16,,,13,18,,,1,8,1,4,15,12,,,1,1,8,11,,,,,,
"Nilo-Saharan","Nilotic","Eastern Sudanic",,nar,2,2,3,2,3,1,1,2,,,,1,2,2,,,,,1,1,,,,,2,4,5,2,2,,,,,,,2,,,,2,,,,,,,,,,,,,,,6,,,,1,,,2,1,1,,,,1,,,,,,2,,,,,,,,,,,,,1,,1,1,,1,1,2,2,,1,,1,,,,,,,,,1,2,2,,,,,,,,,,,,,,,,,2,,,,1,,3,1,2,,,,,,,,,,,,,,,,,1,1,1,1,,,,,,1,,,,1,4,4,7,3,,,,,,,,,,3,,,,4,4,1,11,,,,,,
"Nilo-Saharan","Nilotic","Eastern Sudanic",,mrl,3,3,2,2,2,1,3,2,,2,,1,2,2,1,5,2,,1,5,,,,,,,,,3,,2,2,1,1,1,2,,7,,,,3,,2,,,,6,1,,,3,4,4,1,,,,,,2,,,,,,,,,,,,,4,5,,4,,2,,,1,1,4,2,3,3,,2,2,1,4,2,2,2,2,1,,1,,,,,,6,2,,5,4,4,3,2,2,2,5,2,2,2,,1,3,4,8,5,2,2,2,1,7,,6,,1,1,1,,,,2,,,,,2,,,,5,3,2,1,,,,,,,,,,1,,,,1,4,4,9,3,,,,,,,,,,,,,,,,,,1,,1,6,4,
"Nilo-Saharan","Nilotic","Eastern Sudanic",,maa,3,3,2,1,1,1,3,2,,,,1,2,2,,,,,1,1,5,1,5,4,,,,,5,,,,,,,2,,,,5,5,,,,,,,,,,,,,,3,,,,1,,,2,1,2,,,,1,,,,,,4,,,,,,,,,,,,,3,,2,2,,2,2,2,1,2,1,,1,,,,,2,1,2,1,4,4,4,,,,2,,,,,,,,,,,2,2,2,3,1,,1,5,3,1,1,1,4,4,,,,,,,,,,,,,,1,1,1,1,,,,,,7,,,,3,4,4,16,3,,,,,,,,,,,,,,,,,,12,,7,6,4,
"Nilo-Saharan","Nilotic","Eastern Sudanic",,lug,4,3,3,4,2,1,7,3,,,,1,2,3,,,,,1,3,6,4,1,,4,2,5,2,5,,,,,,,2,5,,1,5,5,,,,,,,,,2,,,,,9,2,,,1,,,2,1,2,,,,,2,,,,,1,4,1,1,,,,,,,,,,7,1,1,3,6,1,1,2,2,2,1,,1,,,,,2,2,2,5,5,5,5,,,,,,,,,,,,,,,,,4,3,3,,1,,,,,,,,,,,,,,,,,,,,,1,2,1,2,,,,,,2,,,,4,1,4,16,6,14,9,,,,4,8,7,1,,,,,,,,,,,,,,
"Nilo-Saharan","Nilotic","Eastern Sudanic",,kse,2,2,3,2,3,1,1,2,1,,,1,,,,,,,1,1,,,,,,,,,1,,1,1,1,1,1,8,,4,1,1,4,3,,1,1,1,1,6,1,2,2,2,1,3,9,,5,,,,4,,,,,,7,,2,1,4,2,4,5,1,4,3,2,2,,2,1,1,4,2,1,1,,1,1,5,1,1,2,2,2,1,,1,,,,,,5,1,1,1,2,2,1,1,1,1,1,1,1,4,2,1,1,1,5,1,3,4,2,3,3,1,1,,,,,,4,4,2,,,,,,,,1,,,,,1,1,1,1,3,,,,,1,,,,1,4,4,6,2,,,,,,,,,,2,,,,4,1,8,11,,,,,,
"Nilo-Saharan","Nilotic","Eastern Sudanic",,knm,3,2,3,2,3,1,1,2,1,2,,1,2,2,1,4,6,4,1,1,7,1,1,,2,2,2,2,3,,1,2,,,,8,,5,,3,4,5,,5,2,2,,6,1,,2,2,6,2,6,2,6,,,,2,2,1,2,,,,2,,,,,,2,1,2,1,,2,,,1,1,4,2,5,1,,1,1,,1,1,2,2,2,1,,1,,,,,1,6,,,1,2,2,2,2,2,2,5,4,5,1,,1,,,,,3,2,1,3,3,,2,5,3,1,2,,4,4,,,,,,,,,1,,,,,,,,,,,,,,4,,,,4,2,4,20,,,,,,,,,,,6,,,,4,4,8,2,,,,,,
"Nilo-Saharan","Nilotic","Eastern Sudanic",,ik,4,3,3,4,2,1,1,2,,,,1,3,2,,,,,1,1,,,,,2,2,2,2,2,,,,,,,2,6,,2,,,,,,,,,,,,,,,,1,,,,,,,2,1,1,,,,,,,,,,2,1,,,,,,,,,,,,3,,2,2,,2,3,2,4,2,1,,1,,,,,,2,1,,4,4,4,,,,2,,,,1,,,,,,,,,2,,,,1,,1,1,2,,4,,1,,,,,2,2,,,,,,,,,,,,,,,,1,,,,1,4,4,9,3,,,,,,,,,,,,,,,,,,1,,1,6,4,
"Nilo-Saharan","Nilotic","Eastern Sudanic",,din,3,3,2,2,2,1,1,2,,,,1,2,3,,,,,3,1,,,,,,,,,1,,,,,,,3,,,,3,,,,,,,,,,,,,,,,,,,,,2,,,,,,,2,,,,,,5,,,,,,,,,,,,,7,1,1,3,6,4,2,2,4,2,1,,1,,,,,2,6,2,1,5,5,5,,,,6,,,,,,,,,,,,,3,,,,5,5,1,1,1,,,,,,,,,,,,,,,,,,,,,1,,,,,1,,,,1,4,4,6,2,16,,,,,,,,,12,,,,4,1,8,11,,,,,,
"Nilo-Saharan","Nilotic","Eastern Sudanic",,tna,,,,,,,,,,,,,,,,,,,,,,,,,,,,,6,,,,,,,6,,,,5,5,,,,2,,1,6,,,1,2,6,4,5,,6,,,,,,,,,,,2,,,,,,1,1,3,,,,,,,,1,5,1,3,,2,2,1,2,2,2,2,2,1,,1,,,,,,2,2,1,4,4,4,,,6,2,5,2,3,2,,1,,,,,1,2,1,,,,1,3,1,1,2,,,,,,,,,1,2,,,,,,,,,,,,,,,,3,,,,2,4,4,20,,,,,,,,,,,,,,,,,,,8,,2,6,4,
"Nilo-Saharan","Nilotic","Eastern Sudanic",,bag,4,3,3,2,2,1,3,2,1,1,,1,2,3,7,8,1,,1,1,1,5,2,4,1,4,5,2,3,2,1,2,1,1,1,8,6,6,,1,4,3,,1,,,1,6,1,2,1,3,1,1,9,2,,,,,2,2,1,1,,,,,2,1,4,2,4,4,5,1,4,2,2,,,,,4,5,1,2,,1,2,1,2,2,2,2,2,1,,1,,,,,,2,2,1,4,4,4,1,,2,,5,2,2,1,2,2,3,4,8,5,1,1,2,3,3,1,1,,1,1,2,,4,3,2,,,,,,,,1,,,,,1,2,1,1,,,,,,2,,,,4,1,4,4,6,,4,,,,4,8,7,1,,,,,,,,,,,,,,
"Nilo-Saharan","Nilotic","Eastern Sudanic",,fur,2,2,3,2,3,1,1,2,1,2,,1,2,2,,,,,1,1,,,,,2,2,2,2,3,,1,3,,,,6,,4,,,,3,,3,,,,6,1,,1,3,4,4,1,1,,,1,,4,2,1,1,,,,,,,,,,2,5,2,4,2,,2,,1,1,1,5,1,1,,1,1,,1,1,2,1,2,1,,1,,,,,,,2,,1,2,2,2,2,2,2,2,2,1,,,1,,,,,,,6,1,7,,,,,,,,4,4,,,,,,,,,1,,,,,1,1,1,1,,,,,,14,4,,,2,2,4,18,,,,,,,,,,,16,,6,,4,4,6,6,,,,,,
"Nilo-Saharan","Nilotic","Eastern Sudanic",,kch,2,2,3,2,3,1,1,2,,1,,1,2,1,,,,,1,1,2,5,5,2,2,2,2,2,1,,,,,,,7,6,,,1,,,,,,,1,6,,,2,2,,,9,3,,2,1,1,4,2,1,2,6,3,,,,,,,,5,,,,,,,,,,,,,2,,1,2,1,1,1,2,2,2,1,,1,,,,,2,6,3,1,3,4,4,,,1,1,1,1,1,,,1,,,,,,,4,,,,6,5,,,,,4,4,,3,,,1,,,,,,,,,,,,,,,,,,1,,,,1,4,4,2,3,,2,,,,4,1,7,4,,,,,,,,,,,,,,
"Nilo-Saharan","Nilotic","Eastern Sudanic",,knr,4,3,3,4,2,1,1,2,1,2,,1,2,2,,,,,1,1,,,,,3,2,5,2,2,1,1,3,1,1,1,2,6,5,1,1,1,3,,3,2,,1,6,1,,,2,6,4,6,2,5,,1,3,2,2,1,1,4,2,6,2,2,1,1,1,3,2,1,4,4,2,2,3,3,1,1,1,2,1,1,,1,1,4,1,2,2,2,2,1,,1,,,,,2,6,1,5,1,2,2,2,2,2,2,5,2,4,1,,1,3,4,3,2,1,2,1,3,3,1,2,4,3,1,2,1,,,,3,1,1,1,1,2,,1,,,,,1,1,3,2,2,,,,,4,,,,4,2,4,20,,,,,,,,,,,6,,,,4,4,8,2,,,,,,
"Nilo-Saharan","Nilotic","Eastern Sudanic",,lan,4,3,1,2,2,1,1,2,1,1,,1,2,2,2,8,1,,3,1,3,5,4,4,1,1,1,2,4,3,1,2,1,1,1,2,3,3,4,4,3,3,,3,3,2,1,6,1,2,1,3,1,1,9,3,3,,1,1,,2,1,2,1,5,2,,2,1,4,2,4,3,1,4,4,2,2,3,2,1,1,4,5,1,2,,1,2,1,2,2,2,2,2,1,,1,,,,,,6,2,,4,4,4,1,1,2,2,5,3,2,4,4,2,1,2,3,2,3,2,2,1,7,4,6,4,,,,,4,3,1,3,1,1,1,,,,1,,,,,1,1,1,1,,,,,,1,,,,1,4,4,2,3,,2,,,,4,1,7,4,,,,,,,,,,,,,,
"Nilo-Saharan","Nilotic","Eastern Sudanic",,luo,3,3,3,2,2,1,1,2,,,,1,2,2,,,,,1,1,,,,,,,,,4,2,,,,,,2,,,,1,1,,,,3,2,,,,,,,,,9,2,5,2,1,,2,,,,,,,,,,,,,1,1,4,4,2,,,,,,,,,2,,1,2,1,2,2,2,2,2,1,,1,,,,,,6,2,,4,4,4,,,,2,,,,,,,,,,,,,2,,,,6,,3,1,2,,4,3,,,,,,2,,,,,,,,,,,,1,,,,,1,,,,1,4,4,16,,,13,2,,,1,1,7,4,,,,,,,,,,,,,,
"Nilo-Saharan","Nilotic","Eastern Sudanic",,mab,3,3,3,4,3,1,1,2,,1,,1,3,2,,,,,1,1,,,,,,,,,3,,1,3,,,,2,,5,,1,,3,,3,,,,6,,,,3,3,2,3,,,,,,4,,,,,,,,,,,,,2,1,4,4,2,,,2,1,1,,,,1,,1,1,,1,3,2,2,2,1,,1,,,,,1,6,2,5,1,2,2,,,2,2,5,2,5,,,1,,,,,,2,1,3,3,,2,,,,,,,,,,,,,1,2,,,,,,,,,,,,,,,,15,,10,,4,3,4,19,,,,,,,,,,,17,,,8,4,4,8,9,,,,,,
"Nilo-Saharan","Nilotic","Eastern Sudanic",,nan,1,3,1,1,1,1,1,2,,,,1,2,2,,,,,1,1,5,1,1,3,,,,,4,1,,,,,,2,,,,3,,,,,3,2,,6,,,,2,,,3,2,6,,,,2,2,1,1,4,5,,,,,,,,4,1,,1,2,,,,,,,,,3,,2,2,1,2,2,2,4,2,1,,1,,,,,,2,2,1,4,4,4,,,2,2,5,5,2,,,2,,,,,,,1,,,,1,,,,,2,4,,,,,,1,,,,,,,,,,,,,,,,,,3,,,,2,4,4,20,,,,,,,,,,,,,,,,,,,8,,2,6,4,
"Nilo-Saharan","Nilotic","Eastern Sudanic",,nbd,,,,,,,,,,,,,,,1,5,4,4,,,1,1,1,,2,2,2,2,2,,4,2,1,1,1,2,6,4,,4,1,3,,3,2,,,6,1,2,2,3,6,2,6,,,2,1,1,1,2,1,2,6,2,,,,,,,,2,1,2,4,2,3,,,1,1,,,,1,,1,1,,1,1,2,1,2,1,,1,,,,,1,6,2,4,1,2,2,2,2,2,2,2,2,1,1,,1,,,,,,2,1,2,1,,2,,,,,,4,,,3,3,3,1,1,2,,1,,,,,,,,,1,,,,,4,,,,4,2,4,20,,,,,,,,,,,6,,,,4,4,8,2,,,,,,
"Nilo-Saharan","Nilotic","Eastern Sudanic",,so,,,,,,,,,,,,,,,,,,,,,,,,,,,,,3,,,,,,,2,,,,,,,,,2,2,,6,,,,3,,,1,2,7,,3,,2,,,,4,,,,2,,,,,1,1,1,4,,,3,,,,,,,3,,2,2,,2,2,2,2,2,1,,1,,,,,,2,1,,4,4,4,,,2,2,2,5,1,1,,1,,,,,,,2,3,3,,1,4,,,,,4,,,,,,,,,,1,,,,,,,,,,,,,,1,,,,1,4,4,9,3,,,,,,,,,,,,,,,,,,1,,1,6,4,
"Australian","Bunuban",,,yid,1,1,3,1,1,1,1,2,1,2,,1,2,1,1,5,2,3,3,1,1,1,1,,,,,,2,1,2,1,1,1,1,9,1,4,2,5,5,3,1,1,3,,2,6,,1,,1,7,5,1,,,,1,2,4,,,,6,2,,1,2,,,,,2,4,2,1,2,,3,,1,1,,,,1,,1,1,5,5,1,2,6,2,5,,,,,1,,,6,2,,,5,2,4,2,1,5,1,1,1,1,1,2,2,1,5,4,2,2,2,1,7,,6,4,2,2,2,,2,,,3,3,,,,,,6,,,,,,,,,,,,,,1,,,,1,4,4,7,3,,,,,,,,,,3,,,,4,4,1,11,,,,,,
"Australian","Bunuban",,,wam,2,1,4,1,1,1,1,2,1,2,,1,2,1,1,1,2,1,3,1,,,,,,,,,2,,2,3,4,2,2,,4,5,,,,5,,1,2,1,2,6,1,1,2,1,7,5,1,,,,,,,,,,,,8,,,,,,,2,5,,,2,3,2,3,1,1,,,,7,,3,2,,,,,1,,,,,,,,,,,,,,,,4,2,6,4,5,2,2,2,4,2,3,4,7,2,2,2,2,3,2,,,,,,,,,,1,3,1,1,,2,1,1,,,,,,,,,,3,,,,,1,,,,1,4,4,21,1,,,,,,,,,,,,,,,,,,,,,,,
"Australian","Bunuban",,,tiw,3,1,4,1,1,1,1,2,1,2,,1,2,1,6,8,1,1,1,1,1,5,6,3,1,4,5,2,6,1,1,2,2,2,2,2,3,4,,5,5,5,,5,2,1,,3,1,1,1,2,1,1,9,,1,4,1,1,4,1,1,2,6,2,,1,3,2,1,1,4,1,1,4,4,2,,2,,1,1,4,5,1,2,,1,2,1,2,1,1,1,1,1,,1,,,,,,2,3,1,4,4,3,1,1,2,2,5,2,4,3,2,2,3,4,5,1,,2,2,3,2,2,1,3,2,1,2,,,,,,1,1,,2,,,,,,,,1,1,1,1,3,,,,,1,,,,1,4,4,2,3,,2,,,,4,1,7,4,,,,,,,,,,,,,,
"Australian","Bunuban",,,nug,3,1,4,1,1,1,1,2,1,2,,1,2,1,6,8,1,1,3,1,,,,,3,2,5,2,4,1,4,2,5,2,3,1,,5,2,5,5,5,,5,3,1,1,1,1,1,2,1,8,3,1,,1,,1,,,2,1,2,,,,,,,,,,2,5,2,1,2,1,3,3,1,1,2,5,1,7,,3,3,6,5,3,3,1,,1,,1,,,,,,5,1,3,5,5,5,1,1,5,2,5,5,5,,2,2,3,4,3,4,,2,2,3,6,,1,,,,,3,4,4,,3,,,1,2,1,1,,,,,,1,1,1,1,,,,,,1,,,,1,4,4,21,3,,,,,,,,,,,,,,,,,,,,,,,
"Australian","Bunuban",,,ngi,,1,4,1,1,1,1,2,1,2,,1,2,1,1,5,2,1,1,5,1,1,1,3,2,2,2,2,2,1,3,1,1,1,1,2,4,4,1,5,5,5,2,1,2,1,2,6,1,1,2,1,5,5,1,2,1,,1,,4,2,1,2,,,8,,,2,1,1,4,2,4,4,1,2,2,3,2,3,2,4,5,1,,,1,1,6,5,1,3,1,,7,,,,5,2,,,3,1,,,5,5,4,2,6,3,5,2,4,3,2,2,3,4,8,5,2,2,2,1,7,1,1,,2,2,1,,4,4,1,,2,3,1,2,1,1,,,,,,1,1,1,1,,,,,,1,,,,1,4,4,21,1,,,,,,,,,,23,,,,,,,,,,,,,
"Australian","Bunuban",,,mrt,3,1,5,1,1,1,1,2,1,2,,1,2,1,2,8,2,1,3,1,1,1,1,2,2,2,2,2,2,2,3,1,1,1,1,2,,5,4,,,5,2,1,2,1,1,6,1,1,,1,8,6,1,2,1,1,1,,2,2,1,2,4,2,8,,,2,1,1,4,2,4,3,4,2,,3,,2,2,4,5,1,2,,1,2,1,5,3,2,1,1,5,,,,,1,,,6,1,,,5,4,2,2,1,5,1,1,1,3,2,1,3,4,8,5,2,2,2,1,7,,6,,,,,,4,5,1,3,3,3,3,2,2,,6,,,,,1,1,1,1,,,,,,1,,,,1,4,4,2,3,,2,,,,4,1,7,4,,,,,,,,,,,,,,
"Australian","Bunuban",,,mlk,1,2,3,1,1,1,1,2,,,,4,3,1,1,1,5,1,3,1,,,,,5,2,5,2,,1,,,,,,,,,,,,,,,,,,3,,1,,1,6,3,1,,,,1,,,2,1,2,,,,,,,,,,5,,,,,,,,,,,,,,,1,1,,,3,2,2,2,,,,,,,,1,,3,,,,2,,,2,,5,2,2,,,2,,,,,,,2,,,,,,3,1,2,,,,,,,,,,,,,,,,,1,1,1,1,,,,,,1,,,,1,4,4,21,,,,,,,,,,,18,,,,,,,,,,,,,
"Australian","Bunuban",,,mau,2,2,3,1,1,1,1,2,1,2,,1,3,1,6,8,1,1,1,1,1,5,1,3,1,4,5,2,5,1,1,3,5,2,2,7,,5,,,,5,,5,3,1,5,2,1,,2,2,1,3,9,,,,1,1,1,2,1,2,6,2,8,,,1,1,1,4,2,1,4,,,1,,,1,1,1,5,1,2,,1,2,1,2,1,1,1,1,1,,1,,,,,2,1,1,1,4,4,3,1,1,2,2,5,2,4,,4,2,3,4,8,5,,2,2,3,2,,1,,3,1,2,,4,,,,1,,,,,,,,,,,1,1,1,1,,,,,,1,,,,1,4,4,2,3,,2,,,,4,1,7,4,,,,,,,,,,,,,,
"Australian","Bunuban",,,kay,2,1,4,1,1,1,1,2,1,2,,1,2,1,2,8,7,1,3,1,1,4,5,3,2,2,2,2,2,1,3,1,1,1,1,9,1,5,3,1,2,5,,1,2,1,6,6,1,1,1,1,8,2,1,2,1,7,,2,,2,1,2,6,1,8,,,2,4,1,4,2,4,4,4,2,1,2,2,3,2,4,5,1,7,,1,3,6,5,1,1,1,1,1,,1,,,,,,6,2,,5,5,5,2,2,1,5,1,1,1,,2,1,3,4,8,5,2,2,1,3,5,,6,4,,,,,4,4,4,1,1,1,1,,,,6,,,,,1,1,1,1,,,,,,4,,,,4,2,4,,,,,,,,,,,,,,,,,,,,,,,,,
"Australian","Bunuban",,,dyi,1,1,3,1,1,1,1,2,,,,1,2,1,2,8,1,1,3,1,,,,,2,2,2,2,2,1,,,4,2,2,,5,,2,,,,1,,2,1,,,1,1,,,6,5,1,,,,1,,,2,1,2,,2,,1,,,,,,2,1,4,,,,,,1,1,,,,7,,1,1,6,5,1,2,1,2,1,,1,,,,,,3,2,,,2,2,,,,,,,,4,,,2,1,5,1,,,2,,,,1,4,2,1,2,,,,,,,,,,,,,,,,,1,1,1,1,,,,,,1,,,,1,4,4,21,3,,,,,,,,,,22,,,,,,,,,,,,,
"Australian","Bunuban",,,diy,3,1,5,1,1,1,1,2,,,,1,2,1,2,8,1,1,3,1,,,,,2,2,2,2,2,1,,,2,2,2,,,,,2,,,2,,,,,,,1,,,,,1,,,,,,,2,1,2,,,,1,,,,,,2,,,,,,,,3,6,,,,1,,1,1,5,,1,2,1,2,5,,,,,1,,,6,1,,,5,2,,,,,,,,,,,1,2,3,2,1,2,2,,,,6,4,2,2,2,,4,,,,,,,2,,,,,,,,1,1,1,1,,,,,,1,,,,1,4,4,,,,,,,,,,,,,,,,,,,,,,,,,
"Australian","Bunuban",,,goo,3,1,4,1,1,1,1,2,1,2,,1,2,1,2,8,4,1,3,1,7,1,1,4,3,2,5,2,5,1,1,3,1,1,1,8,,6,1,1,,5,,5,2,,1,6,1,1,1,2,8,3,8,2,1,1,1,2,2,2,1,2,4,2,8,,3,2,1,1,4,1,5,3,1,2,,2,,2,5,4,5,1,7,,1,1,6,3,3,2,1,1,,,,,,,,,,,,5,,2,4,4,2,2,5,4,5,3,4,2,2,2,8,5,2,1,2,1,7,1,,,,,,,2,2,,2,2,3,1,2,,,6,,,,,1,1,1,1,,,,,,1,,,,1,4,4,21,3,,,,,,,,,,22,,,,,,,,,,,,,
"Australian","Bunuban",,,amp,4,1,5,1,1,1,1,2,,,,1,2,1,,,,,3,1,1,1,1,3,2,2,2,2,2,1,,,,,,9,4,,,1,,,1,,3,1,1,,,2,,,,,6,,,,,,2,2,1,2,,,,1,3,,,,,2,,,,,,,,,,,,,1,,1,1,,1,,2,2,2,1,,1,,,,,,3,,,1,2,2,,,,1,,,,4,,,,,,,,,1,,,,1,1,2,2,2,1,,,1,,,,,2,1,1,,,,,,1,1,1,1,,,,,,4,,,,4,2,4,20,,,,,,,,,,,6,,,,4,4,8,2,,,,,,
"Australian","Bunuban",,,djp,3,1,5,1,1,1,1,2,,,,1,3,1,,,,,3,1,,,,,2,2,2,2,2,1,,,,,,7,,,,,,,2,,,,,,,1,,,,,1,,,,,,4,2,1,1,,,,,,,,,,2,5,1,,,,,,1,1,,,,1,,1,1,5,,3,,1,3,,,,,,,,,1,,1,,,,,,,5,,,,,,,,,,,,,2,,,,3,,,,,,,,,3,1,2,1,2,2,,,,,,,1,1,1,1,,,,,,1,,,,1,4,4,5,1,,,,,,,,,,1,,,,1,4,8,11,,,,,,
"Australian","Bunuban",,,guu,,,,,,,,,,,,,,,2,8,1,1,,,,,,,,,,,2,,,,1,1,1,2,,4,,,,,1,,2,1,6,6,,1,,1,,,1,2,,,,,4,,,,,,,,,,,,,2,,,,,,,,1,1,,,,1,,1,1,,,3,2,1,2,,,,,,,,1,,2,,,,2,,,1,5,1,1,1,1,,2,,,,,,2,2,,,,,,2,1,2,,,,1,3,,,,2,2,,,,,,,,,,,,,,,,1,,,,1,4,4,7,3,,,,,,,,,,3,,,,4,4,1,11,,,,,,
"Australian","Bunuban",,,kya,1,1,3,1,1,1,1,2,,,,1,2,1,2,8,1,1,3,1,,,,,,,,,2,1,,,,,,5,4,,,,,,2,,,,,,,2,,,,,1,,,,,,4,,,,,,,,,2,1,2,4,2,,,,,,,,,,,,,1,,1,1,5,2,3,2,6,1,5,,,,,1,,,1,,1,2,5,2,,,,,,,,1,,,,,,,,,,,,,1,,,,,,,,1,,,,,,,,,1,1,7,5,,,,,,,,,,1,,,,1,4,4,21,,,,,,,,,,,14,,,,,,,11,,,,,,
"Australian","Bunuban",,,mku,1,2,2,1,1,1,1,2,,2,,1,3,1,2,8,1,1,3,1,,,,,,,,,1,2,1,3,,,,9,1,5,,,,5,,5,,,,3,,,,2,9,3,9,,,,,,2,,,,,,,,,,,,,5,5,2,4,2,2,3,3,1,1,4,5,1,1,,1,1,6,1,1,2,2,2,,,,,,,,2,6,1,,1,,2,1,,2,2,5,4,2,2,2,2,,,,,,,2,1,7,,6,,2,1,2,,2,,4,1,,1,,2,1,1,,,,,,,,,,3,,,,,15,,1,,1,1,4,19,1,,,,,,,,,,17,,,1,2,4,8,5,,,,,,
"Australian","Bunuban",,,mpa,3,1,4,2,2,1,1,2,,,,1,3,1,,,,,3,1,,,,,3,4,5,2,,1,,,,,,,,,,,,,,,,,,,,,,,,,,,,,,,,2,1,1,,,,,,,,,,,,,,,,,,,,,,,1,,1,1,5,4,2,2,2,,7,,3,3,,,,2,2,2,,5,5,2,,,,,,,,,,,,,,,,,,,,,1,,,,,,,,,,,,,2,1,1,,1,1,7,5,,,,,,,,,,1,,,,1,4,4,7,3,,,,,,,,,,3,,,,4,4,1,11,,,,,,
"Australian","Bunuban",,,myi,2,2,3,1,1,1,1,2,1,2,,1,3,1,6,8,1,1,3,1,1,1,5,4,3,3,3,2,4,1,2,3,3,2,2,2,,6,2,1,,5,,5,,,2,6,1,1,,1,7,5,5,2,1,,1,,2,2,1,2,,,8,1,2,2,1,2,4,4,1,2,4,2,1,2,3,2,5,4,5,1,5,,1,1,,2,3,2,1,3,1,,1,,,,,,2,2,1,2,2,2,2,2,2,2,5,4,4,2,4,2,1,,8,5,,4,2,3,6,2,1,4,3,2,2,3,,,,3,2,1,1,2,2,,6,,,,,1,1,1,1,,,,,,1,,,,1,4,4,13,3,,,,,,,,,,,,,,,,,,,,,,,1
"Australian","Bunuban",,,ngl,,,,,,,,,,,,,,,6,8,1,1,,,,,,,,,,,3,1,,,,,,9,2,,,5,5,,,,2,1,,3,,,,1,,,1,3,,,,,2,,,,,,,1,1,,,,,2,5,,4,2,,,,,,,,,7,,3,3,6,5,3,2,1,,1,,1,,,,,3,,,,5,5,5,,,6,,5,4,4,3,,2,,,,,,2,1,,,,,4,3,2,2,,,,4,,,,,,,,,,,,,1,1,1,1,,,,,,4,,,,4,2,4,,,,,,,,,,,,,,,,,,,,,,,,,
"Australian","Bunuban",,,pit,3,1,4,1,1,1,1,2,1,,,1,2,1,2,8,1,1,3,1,,,,,,,,,,,2,1,1,1,1,,,3,,,,3,1,1,,,4,6,1,,1,2,8,5,6,,,,,,,,,,,,,1,1,,,,,,4,1,4,2,1,3,3,2,4,,,,,,1,1,,1,1,2,2,2,7,,3,3,,,,2,,,,1,5,2,4,2,2,,5,4,4,2,,2,,,,,,4,5,3,1,,,4,2,1,2,,4,4,1,3,3,3,1,2,1,1,6,,,,,,1,,1,,,,,,10,,,,4,3,4,21,,,,,,,,,,,15,27,,,,,,,,,,,,
"Australian","Bunuban",,,ung,3,2,3,1,1,1,1,2,1,2,,1,2,1,1,1,2,4,3,1,,,,,1,2,5,2,1,1,1,3,,,,5,,5,,1,4,5,,5,,,,3,,,1,1,7,4,6,,,,1,,3,2,1,3,,,,,,,,,,5,,,,,3,3,3,1,1,,,,5,,1,1,5,1,3,2,2,2,1,,1,,,,,2,,2,1,1,2,2,1,1,6,2,5,2,3,,,2,,,,,2,1,2,3,2,,,,3,2,2,,4,4,,3,1,1,1,,,,,,,,,1,1,1,1,,,,,,1,,,,1,4,4,13,3,,,,,,,,,,,,,,,,,,,,,,,1
"Australian","Bunuban",,,wrd,2,2,3,1,1,1,1,2,1,2,,1,3,1,6,8,1,1,3,1,1,1,1,,,,,,4,1,4,3,3,3,2,2,4,6,2,3,,5,,5,3,1,2,6,,1,,1,7,3,1,,1,,,,,,,,,,,,2,,,,,,1,3,,2,,2,,1,1,,,,7,,3,3,6,1,3,2,1,1,,,,,,,,,,2,,5,5,5,4,4,2,2,5,4,5,3,,2,2,1,8,5,,3,2,1,7,,,,,,,,4,,,3,3,1,,2,2,,,,,,,1,1,1,1,,,,,,1,,,,1,4,4,21,3,,,,,,,,,,,,,,,,,,,,,,,
"Australian","Bunuban",,,yuk,,,,,,,,,,,,,,,,,,,,,,,,,,,,,2,1,,,,,,2,,,,,,,,,,,2,6,,,,1,,,1,2,,,1,,4,,,,,,,,,,,,,5,1,4,,,,,,1,1,,,,2,,1,1,,,1,1,1,,1,,1,,,,,,1,1,3,,2,1,,,6,3,5,5,4,,2,1,2,,,,,,6,,,,1,,,,,,,,,,,,,2,1,1,,,,,,1,1,1,1,,,,,,14,2,,,1,2,4,18,1,,14,,8,,3,8,6,4,,,,,,,,,,,,,,
"Afro-Asiatic","West Chadic","Chadic",,tgr,4,2,4,4,3,1,2,2,,,,1,2,1,,,,,1,4,,,,,,,,,3,1,,,2,2,3,6,,,,1,2,,,,,,,,,,,,,,9,,,,,,2,,,,,,,1,,2,1,2,3,,1,3,4,2,2,3,3,,,,,,1,,1,1,,2,2,1,6,1,2,1,,,,,,,,2,5,2,1,1,,,,2,,,,,,,,,,,,,1,,,,,,2,2,1,,,,,,,,,,,,,,,,,,,,,,,,,,3,,,,2,4,4,20,,,,,,,,,,,5,,,,4,4,2,11,,,,,,
"Afro-Asiatic","West Chadic","Chadic",,som,3,3,2,2,3,2,1,2,3,,,1,2,2,,,,,1,4,,,,,,,,,2,1,,,,,,2,6,,,3,4,,,,4,3,,,1,2,2,,3,2,9,2,4,,,,2,,,,,,,1,2,2,1,1,4,2,,,,2,2,2,3,,,,,,1,,1,1,,4,3,2,4,1,1,,1,,,,,1,4,2,1,5,2,2,,,,4,,,,3,,,,,,,,,2,2,5,1,1,4,3,1,2,,,,2,1,1,1,,,,,,,,,,,,,,1,,,,1,1,,,,1,4,4,7,3,,,,,,,,,,3,,,,4,4,1,11,,,,,,
"Afro-Asiatic","West Chadic","Chadic",,ngz,4,2,5,4,2,1,3,4,3,,,1,2,2,,,,,1,1,,,,,,,,,2,,,,,,,2,,,,1,1,,,,2,2,,,,,,,,,9,,,,1,3,2,,,,1,2,,,,,,,,2,,,,,,,,,,,,,2,,1,2,1,2,2,2,2,2,1,,1,,,,,2,6,2,5,4,4,4,,,,4,,,,,,,,,,,,,2,,,,6,,2,1,1,,,,,,,,,1,1,3,,,,,,,,,,,,,,,2,,,,4,1,4,4,6,,4,,,,4,8,7,1,,,,,,,,,,,,,,
"Afro-Asiatic","West Chadic","Chadic",,miy,,,,,,,,,,,,,,,,,,,,,,,,,,,,,2,1,,,2,2,3,2,6,,,1,1,,,,2,1,1,,,,1,,,,9,,,,1,,2,,,,6,,,,2,,,,,5,1,4,4,,,,,,,,,,7,4,3,2,1,2,2,2,1,2,1,,1,,,,,,2,3,1,4,4,4,,,,4,,,,2,,,,,,,,,6,3,3,1,1,,,,,,4,3,3,3,1,1,1,,,,,,,,,,,,,,,,,,14,14,,,1,1,4,18,,,14,,21,,4,5,5,3,,,,,,,,,22,7,5,2,3,
"Afro-Asiatic","West Chadic","Chadic",,knk,4,2,3,2,2,1,3,4,,,,1,2,2,,,,,1,1,,,,,,,,,2,,,,,,,2,,,,3,,,,,,,,,,,,,,,9,,,,,,4,2,1,2,,,,,,1,1,1,4,2,,,,,,,,,,,,,2,,1,2,1,2,2,3,2,2,1,,1,,,,,,2,2,1,4,4,5,,,,,,,,,,,,,,,,,6,,,,1,,2,1,1,,,,,,,,,,,,,,,,,,,,,,,,,,14,1,,,1,1,4,18,,,14,,1,,4,5,7,3,,,,,,,,,,,,,,
"Afro-Asiatic","West Chadic","Chadic",,irq,4,2,5,2,2,2,5,4,1,2,,1,2,2,1,6,7,5,1,4,,,,,,,,,2,,1,2,2,2,3,2,6,4,,5,5,3,,3,4,2,1,4,1,2,,2,9,2,9,3,3,2,1,2,2,,,,6,5,7,,1,,,,,5,1,2,1,2,2,3,2,1,1,4,1,1,1,,1,1,6,2,2,2,2,2,1,,1,,,,,,6,2,,2,2,2,2,1,2,2,2,2,1,1,,1,3,4,8,5,,2,1,2,1,4,2,,3,1,2,,,,1,3,3,3,,,,,1,,,,,,,,,,,,,,4,,,,4,2,4,20,,,,,,,,,,,6,,,,4,4,8,2,,,,,,
"Afro-Asiatic","West Chadic","Chadic",,hau,4,2,4,4,3,1,5,2,3,2,,1,2,2,,,,,1,1,2,5,1,4,3,2,5,2,1,1,4,1,2,2,3,2,6,5,3,1,1,3,,1,4,1,1,1,1,2,,3,1,1,9,1,6,2,1,,2,2,1,1,,,7,2,2,2,4,2,4,5,2,4,3,2,2,1,2,1,1,4,5,1,2,,1,2,1,2,2,1,6,2,1,,1,,,,,2,2,3,1,4,4,3,1,1,1,4,1,1,1,3,2,1,3,4,3,2,1,2,2,3,3,1,1,4,2,1,1,2,4,3,2,3,2,1,,1,2,,1,,,,,1,1,1,1,1,,,,2,15,,1,,1,1,4,19,3,,15,,,1,4,3,7,3,,,,,,,,,,,,,,
"Afro-Asiatic","West Chadic","Chadic",,bma,3,1,5,4,3,2,1,2,3,2,,1,3,1,7,8,1,,1,4,6,1,1,4,2,2,2,2,4,1,1,3,2,2,3,6,,5,,,,3,,3,,,1,1,1,,,3,2,4,2,2,6,,,,2,2,1,2,,,,2,2,1,4,2,4,4,1,3,4,2,2,,,,,4,1,1,3,,2,2,1,2,2,2,6,1,1,,1,,,,,,1,1,1,4,4,4,3,1,2,2,5,2,2,1,2,1,3,4,8,5,,2,2,2,5,1,1,,1,1,2,1,4,4,2,2,2,2,2,,,,1,,,,,1,1,3,2,3,,,,,,,,,,,,,,,,,,,,,,,,,,,,,,,,,,,,
"Afro-Asiatic","West Chadic","Chadic",,arg,,,,,,,,,,,,,,,1,3,2,,,,,,,,,,,,3,,,,2,2,3,6,,,,3,4,,,,2,2,,,,,1,,,,9,2,6,,,,2,,,,,,,,,,,,,4,1,2,,,2,1,2,2,2,,,,2,,1,2,1,2,2,2,6,1,1,,1,,,,,1,6,2,1,4,4,4,,,,2,,,,,,,,,,,,,2,,,,6,,,,,1,,,,2,2,2,2,,,,,,,,,,,,,,,,,,1,,,,1,4,4,2,3,,2,,,,4,1,7,4,,,,,,,,,,,,,,
"Afro-Asiatic","West Chadic","Chadic",,amh,4,3,4,2,2,1,2,2,3,,,1,2,1,,,,,1,1,,,,,,,,,3,1,,,2,2,3,2,,4,2,1,2,,,,,,,1,,,1,3,2,2,1,,,2,1,,2,2,1,1,,,2,1,,2,1,2,3,4,1,4,4,,2,1,3,,,,,,1,,1,1,,4,1,1,1,1,2,1,,,,,,,,2,2,5,1,1,,,2,2,5,2,2,2,,1,,,,,,2,6,,,,3,1,2,2,1,1,,,,,,,,1,2,,1,,,,,1,1,1,1,1,,,,,14,4,,,2,2,4,18,,,,,,,,,,,16,,6,,4,4,6,6,,,,,,
"Afro-Asiatic","West Chadic","Chadic",,mup,,,,,,,,,,,,,,,,,,,,,,,,,,,,,1,,,,,,,7,,,1,1,1,,,,,,6,1,,,1,3,,,9,2,4,,1,,4,,,,5,,,,2,,,,,5,4,,,,,,,,,4,5,2,2,,1,2,1,2,2,2,2,2,1,,1,,,,,3,2,2,1,4,4,4,,,2,1,3,1,1,1,,2,,,,,,,4,,,,1,4,,,,,,,1,,,,2,1,2,,,,,,,,,,,,,,,,15,,2,,1,1,4,19,6,,15,,,5,3,8,7,2,,,,,,,,,,,,,,
"Afro-Asiatic","West Chadic","Chadic",,aeg,3,2,4,4,3,4,1,2,3,2,,1,3,1,1,4,7,1,1,4,6,5,3,4,4,4,5,2,3,1,1,2,2,2,3,6,6,4,4,3,4,3,,3,2,1,5,1,1,2,,3,1,1,9,2,6,1,1,,2,2,1,1,,,6,1,1,1,1,1,4,4,1,3,4,2,2,1,1,1,1,4,2,1,2,,1,2,1,2,2,2,2,3,1,,1,,,,,2,1,2,1,4,4,4,1,1,2,2,5,4,2,4,2,1,3,4,8,5,2,2,2,1,7,1,1,1,2,2,2,,4,3,2,,,,,,,,1,,,,,1,1,1,1,1,,,,,15,,14,,3,2,4,19,3,,15,,,15,4,7,6,4,,,,,,,,,,,,,,
"Afro-Asiatic","West Chadic","Chadic",,amr,,,,,,,,,3,,,,,,,,,,,,,,,,,,,,3,,,,,,,6,,,,3,3,,,,,,,,,,,,,,9,,7,,1,1,2,,,,,2,,,,,,,,4,1,3,4,2,2,1,2,,,4,2,1,,,2,2,,2,2,2,1,1,1,,1,,,,,2,1,,1,4,4,4,,,,2,,,,,,,,,,,,,6,,,,1,,2,2,2,1,,,,,,,,1,2,,,,,,,,,,,,,,,1,14,4,,,2,2,4,18,,,,,,,,,,,,,,,,,,,22,6,6,4,4,
"Afro-Asiatic","West Chadic","Chadic",,bej,3,2,3,2,3,1,1,2,3,,,1,3,2,1,4,1,,1,1,6,1,1,3,2,2,2,2,3,1,1,2,2,2,3,2,,4,,3,,3,,3,,,,1,,,,2,2,6,1,,,,,,2,2,1,1,,,,1,,1,1,2,3,2,1,2,,,2,3,,2,4,,,,1,,1,1,,1,1,3,5,,1,,1,,,,,,6,2,4,1,2,5,,,2,2,5,2,2,,,1,3,4,,,,2,1,3,5,,2,2,3,2,1,1,,,,,,,,,,,,,,,,1,1,1,1,,,,,1,3,,,,2,4,4,20,,,,,,,,,,,5,,,,4,4,2,11,,,,,,
"Afro-Asiatic","West Chadic","Chadic",,cop,,,,,,,,,,,,,,,,,,,,,,,,,,,,,5,,,,,,,9,6,,,1,1,,,,,,,1,1,,,3,,,7,,6,,,,,,,,,,,2,2,,,,,5,,,4,,,,,,,,,,2,,1,2,1,2,2,2,6,1,1,,1,,,,,,1,2,1,4,4,4,,,2,,2,2,1,1,,1,,,,,,,1,,,1,1,1,3,1,2,,,,1,,,,,,,,,,,,,,,,,,,,,,15,,16,,3,1,4,19,,,15,,,14,3,4,5,4,,,,,,,,,,,,,,
"Afro-Asiatic","West Chadic","Chadic",,heb,,,,,,,,,3,2,,,,,7,8,1,1,,,6,5,3,3,2,2,5,2,3,1,1,2,2,2,3,2,6,4,4,3,2,3,,3,2,1,2,1,1,1,1,3,1,1,7,1,6,1,1,2,2,2,1,1,6,2,6,1,1,2,1,1,4,4,1,4,1,2,2,1,1,1,1,1,5,1,2,,1,2,,2,2,2,2,1,1,,1,,,,,3,1,1,1,4,4,4,2,2,2,6,2,4,1,1,3,1,3,4,8,5,2,2,2,3,1,1,1,1,2,2,2,1,4,3,1,2,1,1,1,2,2,,1,,,,,1,1,1,1,2,,,,1,1,,,,1,4,4,2,3,,2,,,,4,1,7,4,,,,,,,,,,,,,,
"Afro-Asiatic","West Chadic","Chadic",,ker,2,2,3,4,2,1,3,2,,,,1,2,3,1,5,7,5,1,1,,,,,,,,,2,,1,1,,,,1,,4,3,1,,5,,1,1,1,,1,1,,,2,9,2,1,1,6,,,,2,,,,,,,,1,,,,,2,5,4,3,2,2,3,3,1,1,,,,2,,1,2,,2,2,2,2,2,1,,1,,,,,,2,2,1,4,4,4,1,1,2,,3,1,1,1,,2,,,,,,,2,3,3,1,1,,,,,,,,1,,,,,,,,,,,,,,,,,,,,,,2,,,,4,1,4,4,6,,4,,,,4,8,7,1,,,,,,,,,,,,,,
"Afro-Asiatic","West Chadic","Chadic",,lel,,,,,,,,,,,,,,,,,,,,,,,,,,,,,2,,,,2,2,3,2,3,,,,1,,,,,,,1,,2,,2,,,9,,,,,,2,,,,,,6,,2,,,,,4,,,,,,,,,,,,,2,,1,2,,2,3,2,2,2,1,,1,,,,,,2,2,1,4,4,4,,,2,4,5,2,4,2,,2,,,,,,,2,,,1,1,,,,,,4,,1,,,,,,,,,3,1,5,3,,,,,,,,,,2,,,,4,1,4,4,6,,4,,,,4,8,7,1,,,,,,,,,,,,,,
"Afro-Asiatic","West Chadic","Chadic",,mrg,4,1,5,4,2,1,3,4,,,,1,,2,,,,,1,1,,5,1,,,,,,3,,,,,,,8,,,1,1,4,,,,2,2,1,,,2,,,,,9,2,,2,1,3,2,2,1,2,6,2,,2,,1,4,1,3,4,1,,1,,,,,,,,,,2,,1,2,,2,2,2,2,2,1,,1,,,,,2,2,2,1,4,4,4,,,,,,,,,,,,,,,,,2,,,,1,4,3,1,2,2,,,,,,,,,,,,,,,,,,,,,,,,,2,,,,4,1,4,4,6,,4,,,,4,8,7,1,,,,,,,,,,,,,,
"Afro-Asiatic","West Chadic","Chadic",,orh,4,2,4,4,3,1,5,2,3,2,,1,2,3,,,,,1,1,1,1,1,4,4,5,5,2,2,1,2,2,2,2,3,9,2,4,,5,5,3,,3,2,1,1,3,1,2,2,2,6,4,1,2,6,,1,,4,2,1,2,,,2,1,2,1,1,2,3,2,1,2,4,2,2,1,2,1,1,1,2,1,1,,1,1,3,1,2,2,2,2,1,,1,,,,,1,6,2,1,1,2,2,3,2,2,2,2,3,1,1,2,2,3,4,8,5,2,2,6,3,5,1,6,5,3,2,2,,4,4,3,3,1,1,,,,,1,,,,,1,1,1,1,1,,,,,14,6,,,2,4,1,18,,,,,,,,,,,16,,7,,4,4,6,11,,,,,,
"Afro-Asiatic","West Chadic","Chadic",,ter,5,2,5,4,2,1,3,4,,,,1,2,3,,,,,1,1,2,5,1,,,,,,2,,,,,,,8,,,,,,,,,,,,,,,,,,,9,1,,,,,2,2,1,2,,,,2,,,,,,5,1,3,,,,,,,,,,,2,,1,2,1,2,2,2,2,2,1,,1,,,,,,2,2,1,4,4,4,,,,,,,,,,,,,,,,,2,3,3,,1,4,,,,,,,,,,,,,,,,,,,,,,,,,,,,2,15,,2,,1,1,4,19,6,,15,,,2,4,5,7,2,,,,,,,,,,,,,,
